Symbol,Name,Functor Action,H0 Action,H1 Action,H2 Action,Fixed Point Property (ν),Hopf Classification (Inferred),Source,
φ,Golden Ratio Scaling,"L ↦ φ·L, spectral scaling",scale,scale,scale,ν ∘ φ = φ ∘ ν (commute),Trivial Scaling Point (Z),1,
Φ,Flux Operator,L ↦ L + ∇×A (curl perturbation),0,+flux,0,Φ ∘ φ = φ ∘ Φ (commute),1D Hopf Link Exception (Z),1,
⊣̸,Irreversible Separation,"L ↦ L + A_skew, ν ↦ ν·(1-ε)",0,+asym,+gap,ν(⊣̸) = ⊥,Non-Hermitian Exceptional Point (Z2),1,
⊤̸,Attractor Fragmentation,"L ↦ L - Π₁(L), ν ↦ ν⊥",-rank,+dim,0,≠ ∘ ⊢ = ⊤̸,Fragmentation Singularity (Z),1,
⊥̸,Torsion Injection,"L ↦ L + τ·Hodge₁, I ↦ I + η",0,+torsion,0,ν(⊥̸) = ⊥̸⊥̸...,Limit Cycle Exceptional String (Z),1,
⊬,Non-Derivability,L ↦ L\,"_{ker(Reach)}, ν ↦ 0",0,0,+dim,ν ↦ 0,Obstruction Horizon (Z2),1
≠,Spectral Shear,L ↦ L + κ·(v₁v₁ᵀ - v₂v₂ᵀ),split,shear,0,≠ ∘ ⊢ = ⊤̸,Bifurcation Node (Z2),1,
⋈,Braid/Entanglement,L ↦ L + β·Braid(L),0,braid,0,ν(⋈) = ◬,Braid Group Exceptional Line (Z),1,
◬,Quadrature/Phase Lock,L ↦ L + γ·(L⊗L)₁,lock,phase,0,⋈ ∘ ⋈ = ◬,Phase-Locked Multifold (Z),1,
⚤,Duality/Conjugation,"L ↦ L* (adjoint), Φ ↦ (F, I, T)",swap,conjugate,swap,ν(⚤) = ⚤,C-Pairing Symmetry Point (Z2),1,
⊢,Forward Derivation,"L ↦ e^{-tL}, T ↦ T + ∇·flux",diffuse,advect,0,⊥ ∘ ⊢ = =,Evolutionary Trajectory (Z),1,
⊥,Boundary/Contradiction,"L ↦ L + ∂∂*, F ↦ F + δ",0,0,+boundary,⚤ ∘ ⊤ = ⊥,Topological Boundary State (Z2),1,
⊤,Attractor/Top,"L ↦ Π₁(L), T ↦ 1",project₁,kill,0,ν(⊤) = ⊤,Topological Global Attractor (Z),1,
φ,Golden Ratio Scaling,"L ↦ φ·L, spectral scaling",scale,scale,scale,ν ∘ φ = φ ∘ ν (commute),Z-protected HEP-1,2,
Φ,Flux Operator,L ↦ L + ∇×A (curl perturbation),0,+flux,0,Φ ∘ φ = φ ∘ Φ (commute),Z2-protected HEP-2,2,
⊣̸,Irreversible Separation,"L ↦ L + A_skew, ν ↦ ν·(1-ε)",0,+asym,+gap,ν(⊣̸) = ⊥,Non-Hermitian bulk gap,2,
⊥̸,Torsion Injection,"L ↦ L + τ·Hodge₁, I ↦ I + η",0,+torsion,0,ν(⊥̸) = ⊥̸⊥̸...,Torsion-protected HEP-3,2,
⋈,Braid/Entanglement,L ↦ L + β·Braid(L),0,braid,0,ν(⋈) = ◬,Hopf link knotting,2,
⚤,Duality/Conjugation,"L ↦ L* (adjoint), Φ ↦ (F, I, T)",swap,conjugate,swap,ν(⚤) = ⚤,Charge-conjugacy symmetry,2,
=,Collapse/Fixed Point,"L ↦ ν(L), Φ ↦ proj(Φ)",project,kill,0,ν(=) = =,Fixed point attractor,2,
⊤,Attractor/Top,"L ↦ Π₁(L), T ↦ 1",project₁,kill,0,ν(⊤) = ⊤,Spectral top-state,2,
φ,Golden Ratio Scaling,"L ↦ φ·L, spectral scaling",scale,scale,scale,ν ∘ φ = φ ∘ ν (commute),Z-invariant exceptional point in spectral scaling domain,Source_Number,
Φ,Flux Operator,L ↦ L + ∇×A (curl perturbation),0,+flux,0,Φ ∘ φ = φ ∘ Φ (commute),Z2-protected multifold circulation singularity,Source_Number,
⊣̸,Irreversible Separation,"L ↦ L + A_skew, ν ↦ ν·(1-ε)",0,+asym,+gap,ν(⊣̸) = ⊥ (grounds in contradiction),Non-Hermitian gap-protected Hopf exceptional point,Source_Number,
⊥̸,Torsion Injection,"L ↦ L + τ·Hodge₁, I ↦ I + η",0,+torsion,0,ν(⊥̸) = ⊥̸⊥̸... (torsion accumulates to limit cycle),Torsion-induced topological exceptional point,Source_Number,
⋈,Braid/Entanglement,L ↦ L + β·Braid(L),0,braid,0,ν(⋈) = ◬ (entanglement locks to phase),Non-Abelian braided multifold exceptional point,Source_Number,
⚤,Duality/Conjugation,"L ↦ L* (adjoint), Φ ↦ (F, I, T)",swap,conjugate,swap,ν(⚤) = ⚤ (duality is involutive),Adjoint-symmetric involutionary exceptional point,Source_Number,
=,Collapse/Fixed Point,"L ↦ ν(L), Φ ↦ proj(Φ)",project,kill,0,ν(=) = = (collapse is idempotent),Idempotent fixed-point attractor singularity,Source_Number,
⊤,Attractor/Top,"L ↦ Π₁(L), T ↦ 1",project₁,kill,0,ν(⊤) = ⊤ (attractor is fixed),Topological attractor projection singularity,Source_Number,
⊣̸,Irreversible Separation,"L ↦ L + A_skew, ν ↦ ν·(1-ε)",0,+asym,+gap,ν(⊣̸) = ⊥,"HEPd=3, Z",User Description,
⊥̸,Torsion Injection,"L ↦ L + τ·Hodge₁, I ↦ I + η",0,+torsion,0,ν(⊥̸) = ⊥̸⊥̸...,"HEPd=3, Z2",User Description,
⋈,Braid/Entanglement,L ↦ L + β·Braid(L),0,braid,0,ν(⋈) = ◬,"HEPd=3, Z",User Description,
⚤,Duality/Conjugation,"L ↦ L* (adjoint), Φ ↦ (F, I, T)",swap,conjugate,swap,ν(⚤) = ⚤,"HEPd=2, Z2",User Description,
=,Collapse/Fixed Point,"L ↦ ν(L), Φ ↦ proj(Φ)",project,kill,0,ν(=) = =,"HEPd=1, Z",User Description,
⊤,Attractor/Top,"L ↦ Π₁(L), T ↦ 1",project₁,kill,0,ν(⊤) = ⊤,"HEPd=2, Z2",User Description,
φ,Golden Ratio Scaling,"L ↦ φ·L, spectral scaling",scale,scale,scale,ν ∘ φ = φ ∘ ν (commute),Z-invariant scaling of spectral radii,User Table Description,
Φ,Flux Operator,L ↦ L + ∇×A (curl perturbation),0,+flux,0,Φ ∘ φ = φ ∘ Φ (commute),Z-type topological charge injection,User Table Description,
⊣̸,Irreversible Separation,"L ↦ L + A_skew, ν ↦ ν·(1-ε)",0,+asym,+gap,ν(⊣̸) = ⊥ (grounds in contradiction),Non-Hermitian exceptional line (Z2),User Table Description,
⊥̸,Torsion Injection,"L ↦ L + τ·Hodge₁, I ↦ I + η",0,+torsion,0,ν(⊥̸) = ⊥̸⊥̸... (accumulates to limit cycle),Vortex-like multifold singularity,User Table Description,
⋈,Braid/Entanglement,L ↦ L + β·Braid(L),0,braid,0,ν(⋈) = ◬ (locks to phase),Non-Abelian topological braiding,User Table Description,
⚤,Duality/Conjugation,"L ↦ L* (adjoint), Φ ↦ (F, I, T)",swap,conjugate,swap,ν(⚤) = ⚤ (involutive),Chiral symmetry mapping,User Table Description,
=,Collapse/Fixed Point,"L ↦ ν(L), Φ ↦ proj(Φ)",project,kill,0,ν(=) = = (idempotent),Decay to non-Hermitian ground state,User Table Description,
⊤,Attractor/Top,"L ↦ Π₁(L), T ↦ 1",project₁,kill,0,ν(⊤) = ⊤ (fixed),Unitary stable attractor,User Table Description,
⊣̸,Irreversible Separation,"L ↦ L + A_skew, ν ↦ ν·(1-ε)",0,+asym,+gap,ν(⊣̸) = ⊥ (grounds in contradiction),Non-Hermitian Topology Z2,NEW SOURCE,
⊥̸,Torsion Injection,"L ↦ L + τ·Hodge₁, I ↦ I + η",0,+torsion,0,ν(⊥̸) = ⊥̸⊥̸... (accumulates to limit cycle),Torsion-protected HEP,NEW SOURCE,
⋈,Braid/Entanglement,L ↦ L + β·Braid(L),0,braid,0,ν(⋈) = ◬ (locks to phase),Braided Exceptional Point,NEW SOURCE,
⚤,Duality/Conjugation,"L ↦ L* (adjoint), Φ ↦ (F, I, T)",swap,conjugate,swap,ν(⚤) = ⚤ (involutive),Chiral Symmetric EP,NEW SOURCE,
=,Collapse/Fixed Point,"L ↦ ν(L), Φ ↦ proj(Φ)",project,kill,0,ν(=) = = (idempotent),Stable Fixed Point Manifold,NEW SOURCE,
⊤,Attractor/Top,"L ↦ Π₁(L), T ↦ 1",project₁,kill,0,ν(⊤) = ⊤ (fixed attractor),Steady-state HEP,NEW SOURCE,
⊣̸,Irreversible Separation,"L ↦ L + A_skew, ν ↦ ν·(1-ε)",0,+asym,+gap,ν(⊣̸) = ⊥,HEP-2 (Surface-node 2-fold point),3,
⊥̸,Torsion Injection,"L ↦ L + τ·Hodge₁, I ↦ I + η",0,+torsion,0,ν(⊥̸) = ⊥̸⊥̸...,HEP-3 (Non-Hermitian chiral nodal line),3,
⋈,Braid/Entanglement,L ↦ L + β·Braid(L),0,braid,0,ν(⋈) = ◬,Multi-fold EP braid invariant,3,
⚤,Duality/Conjugation,"L ↦ L* (adjoint), Φ ↦ (F, I, T)",swap,conjugate,swap,ν(⚤) = ⚤,PT-symmetric dual point,3,
=,Collapse/Fixed Point,"L ↦ ν(L), Φ ↦ proj(Φ)",project,kill,0,ν(=) = =,Zero-dimension HEP,3,
⊤,Attractor/Top,"L ↦ Π₁(L), T ↦ 1",project₁,kill,0,ν(⊤) = ⊤,Global attractor state,3,
φ,Golden Ratio Scaling,"L ↦ φ·L, spectral scaling",scale,scale,scale,ν ∘ φ = φ ∘ ν (commute),Z-invariant scaling at EP2,4,
Φ,Flux Operator,L ↦ L + ∇×A (curl perturbation),0,+flux,0,Φ ∘ φ = φ ∘ Φ (commute),Hopf link number deformation,4,
⊣̸,Irreversible Separation,"L ↦ L + A_skew, ν ↦ ν·(1-ε)",0,+asym,+gap,ν(⊣̸) = ⊥ (grounds in contradiction),Non-Hermitian spectral gap transition,4,
⊥̸,Torsion Injection,"L ↦ L + τ·Hodge₁, I ↦ I + η",0,+torsion,0,ν(⊥̸) = ⊥̸⊥̸... (limit cycle),Z2-invariant torsion EP,4,
⋈,Braid/Entanglement,L ↦ L + β·Braid(L),0,braid,0,ν(⋈) = ◬ (phase lock),Non-Abelian braiding of EPs,4,
⚤,Duality/Conjugation,"L ↦ L* (adjoint), Φ ↦ (F, I, T)",swap,conjugate,swap,ν(⚤) = ⚤ (involutive),PT-symmetry mapping,4,
=,Collapse/Fixed Point,"L ↦ ν(L), Φ ↦ proj(Φ)",project,kill,0,ν(=) = =,Exceptional point coalescence,4,
⊤,Attractor/Top,"L ↦ Π₁(L), T ↦ 1",project₁,kill,0,ν(⊤) = ⊤,Attractor state singularity,4,
φ,Golden Ratio Scaling,"L ↦ φ·L, spectral scaling",scale,scale,scale,ν ∘ φ = φ ∘ ν (commute),Z-protected 0D HEP (Spectral Scaling Point),User Table Description,
Φ,Flux Operator,L ↦ L + ∇×A (curl perturbation),0,+flux,0,Φ ∘ φ = φ ∘ Φ (commute),Z-protected 1D HEP (Flux-linked Nodal Line),User Table Description,
⊣̸,Irreversible Separation,"L ↦ L + A_skew, ν ↦ ν·(1-ε)",0,+asym,+gap,ν(⊣̸) = ⊥,Z2-protected 2D HEP (Surface of Exceptionality),User Table Description,
⊤̸,Attractor Fragmentation,"L ↦ L - Π₁(L), ν ↦ ν⊥",-rank,+dim,0,⊤̸ ∘ = = ⊥̸,Z-protected 3D HEP (Volume Fragmentation Point),User Table Description,
⊥̸,Torsion Injection,"L ↦ L + τ·Hodge₁, I ↦ I + η",0,+torsion,0,ν(⊥̸) = ⊥̸⊥̸... (limit cycle),Z2-protected 1D HEP (Torsional Nodal String),User Table Description,
≠,Spectral Shear,L ↦ L + κ·(v₁v₁ᵀ - v₂v₂ᵀ),split,shear,0,≠ ∘ ⊢ = ⊤̸,Z-protected 1D HEP (Shear Exceptional Line),User Table Description,
⋈,Braid/Entanglement,L ↦ L + β·Braid(L),0,braid,0,ν(⋈) = ◬,Z-protected 1D HEP (Braided Exceptional Thread),User Table Description,
◬,Quadrature/Phase Lock,L ↦ L + γ·(L⊗L)₁,lock,phase,0,◬ ∘ ≠ = ⊥̸,Z-protected 0D HEP (Phase Lock Critical Point),User Table Description,
⚤,Duality/Conjugation,"L ↦ L* (adjoint), Φ ↦ (F, I, T)",swap,conjugate,swap,ν(⚤) = ⚤,Z2-protected Duality Point,User Table Description,
=,Collapse/Fixed Point,"L ↦ ν(L), Φ ↦ proj(Φ)",project,kill,0,ν(=) = =,Z-protected 0D HEP (Topological Fixed Point),User Table Description,
⊢,Forward Derivation,"L ↦ e^{-tL}, T ↦ T + ∇·flux",diffuse,advect,0,⊥ ∘ ⊢ = =,Z-protected Diffusion Flux HEP,User Table Description,
⊥,Boundary/Contradiction,"L ↦ L + ∂∂*, F ↦ F + δ",0,0,+boundary,⚤ ∘ ⊤ = ⊥,Z-protected 2D HEP (Boundary exceptional surface),User Table Description,
⊤,Attractor/Top,"L ↦ Π₁(L), T ↦ 1",project₁,kill,0,ν(⊤) = ⊤,Z-protected Attractor Point,User Table Description,
⊣,Backward Generation,"L ↦ Lᵀ, T ↦ T - ∇·flux",diffuseᵀ,advectᵀ,0,⚤ ∘ ⊢ = ⊣,Z-protected Advection Flux HEP,User Table Description,
φ,Golden Ratio Scaling,"L ↦ φ·L, spectral scaling",scale,scale,scale,ν ∘ φ = φ ∘ ν (commute),1D scaling/Z invariant,User Description,
Φ,Flux Operator,L ↦ L + ∇×A (curl perturbation),0,+flux,0,Φ ∘ φ = φ ∘ Φ (commute),Magnetic flux threading / Z2 invariant,User Description,
⊣̸,Irreversible Separation,"L ↦ L + A_skew, ν ↦ ν·(1-ε)",0,+asym,+gap,ν(⊣̸) = ⊥,Non-Hermitian gap closure / Z invariant,User Description,
⊤̸,Attractor Fragmentation,"L ↦ L - Π₁(L), ν ↦ ν⊥",-rank,+dim,0,⊤̸ ∘ = = ⊥̸,Hopf Exceptional Point (HEP) / High-dim,User Description,
⊥̸,Torsion Injection,"L ↦ L + τ·Hodge₁, I ↦ I + η",0,+torsion,0,ν(⊥̸) = ⊥̸⊥̸...,Torsional Exceptional Line / Z2,User Description,
≠,Spectral Shear,L ↦ L + κ·(v₁v₁ᵀ - v₂v₂ᵀ),split,shear,0,≠ ∘ ⊢ = ⊤̸,Exceptional point splitting,User Description,
⋈,Braid/Entanglement,L ↦ L + β·Braid(L),0,braid,0,ν(⋈) = ◬,Braided non-Hermitian bands / Z,User Description,
◬,Quadrature/Phase Lock,L ↦ L + γ·(L⊗L)₁,lock,phase,0,◬ ∘ ≠ = ⊥̸,Quadrature locking,User Description,
⚤,Duality/Conjugation,"L ↦ L* (adjoint), Φ ↦ (F, I, T)",swap,conjugate,swap,ν(⚤) = ⚤,Reciprocity / PT symmetry,User Description,
⊣,Backward Generation,"L ↦ Lᵀ, T ↦ T - ∇·flux",diffuseᵀ,advectᵀ,0,⚤ ∘ ⊢ = ⊣,Time-reversed flow,User Description,
⊢,Forward Derivation,"L ↦ e^{-tL}, T ↦ T + ∇·flux",diffuse,advect,0,⚤ ∘ ⊣ = ⊢,Unitary/Diffusion mapping,User Description,
⊥,Boundary/Contradiction,"L ↦ L + ∂∂*, F ↦ F + δ",0,0,+boundary,⚤ ∘ ⊤ = ⊥,Topological boundary state,User Description,
⊤,Attractor/Top,"L ↦ Π₁(L), T ↦ 1",project₁,kill,0,ν(⊤) = ⊤,Steady state attractor,User Description,
=,Collapse/Fixed Point,"L ↦ ν(L), Φ ↦ proj(Φ)",project,kill,0,ν(=) = =,Fixed point spectral limit,User Description,
⊣̸,Irreversible Separation,"L ↦ L + A_skew, ν ↦ ν·(1-ε)",0,+asym,+gap,ν(⊣̸) = ⊥,Non-Hermitian EP2 (Irreversible Gap),User Description,
⊥̸,Torsion Injection,"L ↦ L + τ·Hodge1, I ↦ I + η",0,+torsion,0,ν(⊥̸) = ⊥̸⊥̸...,Z-invariant Torsion Multi-fold,User Description,
⋈,Braid/Entanglement,L ↦ L + β·Braid(L),0,braid,0,ν(⋈) = ◬,Hopf Fiber Braid (Entanglement),User Description,
⚤,Duality/Conjugation,"L ↦ L*, Φ ↦ (F, I, T)",swap,conjugate,swap,ν(⚤) = ⚤,PT-Symmetric Duality,User Description,
⊤,Attractor/Top,"L ↦ Π₁(L), T ↦ 1",project₁,kill,0,ν(⊤) = ⊤,Stable Attractor Manifold,User Description,
φ,Golden Ratio Scaling,"L ↦ φ·L, spectral scaling",scale,scale,scale,ν ∘ φ = φ ∘ ν (commute),Z-invariant protection in 1D spectral scaling systems,User Table Description,
Φ,Flux Operator,L ↦ L + ∇×A (curl perturbation),0,+flux,0,Φ ∘ φ = φ ∘ Φ (commute),"HEPs with non-zero curl, Z2-stable in high-flux regimes",User Table Description,
⊣̸,Irreversible Separation,"L ↦ L + A_skew, ν ↦ ν·(1-ε)",0,+asym,+gap,ν(⊣̸) = ⊥,"Non-Hermitian exceptional point, Z-invariant in 2D separation",User Table Description,
⊤̸,Attractor Fragmentation,"L ↦ L - Π₁(L), ν ↦ ν⊥",-rank,+dim,0,ν(⊤̸) = ⊥̸,"N-fold exceptional point fragmentation, 3D Hopf-protected",User Table Description,
⊥̸,Torsion Injection,"L ↦ L + τ·Hodge₁, I ↦ I + η",0,+torsion,0,ν(⊥̸) = ⊥̸⊥̸... (limit cycle),"Torsional exceptional ring, Z-type invariant",User Table Description,
⊬,Non-Derivability,L ↦ L\,"_{ker(Reach)}, ν ↦ 0",0,0,+dim,ν(⊬) = 0,"Higher-order obstruction point, Z2-protected in 4D",User Table Description
⋈,Braid/Entanglement,L ↦ L + β·Braid(L),0,braid,0,ν(⋈) = ◬,"Hopf-link exceptional point, Z2 invariant protection",User Table Description,
⚤,Duality/Conjugation,"L ↦ L* (adjoint), Φ ↦ (F, I, T)",swap,conjugate,swap,ν(⚤) = ⚤,"Antisymmetric exceptional pair, Z2 protection",User Table Description,
⊮,Collapse/Fixed Point,"L ↦ ν(L), Φ ↦ proj(Φ)",project,kill,0,ν(=) = =,"Stable nodal point, minimal Hopf invariant",User Table Description,
⊤,Attractor/Top,"L ↦ Π₁(L), T ↦ 1",project₁,kill,0,ν(⊤) = ⊤,"Topological nodal point attractor, Z-invariant",User Table Description,
φ,Golden Ratio Scaling,"L ↦ φ·L, spectral scaling",scale,scale,scale,ν(φ) = φ (commutes with ν),Z-invariant scaling HEP,5,
Φ,Flux Operator,L ↦ L + ∇×A (curl perturbation),0,+flux,0,ν(Φ) = Φ (commutes with ν),Z2-protected chiral edge mode,5,
⊣̸,Irreversible Separation,"L ↦ L + A_skew, ν ↦ ν·(1-ε)",0,+asym,+gap,ν(⊣̸) = ⊥ (grounds in contradiction),Non-Hermitian exceptional point (EP2),5,
⊥̸,Torsion Injection,"L ↦ L + τ·Hodge₁, I ↦ I + η",0,+torsion,0,ν(⊥̸) = ⊥̸⊥̸... (accumulates to limit cycle),Higher-order topological HEP,5,
⋈,Braid/Entanglement,L ↦ L + β·Braid(L),0,braid,0,ν(⋈) = ◬ (locks to phase),Non-Abelian braid group HEP,5,
⚤,Duality/Conjugation,"L ↦ L* (adjoint), Φ ↦ (F, I, T)",swap,conjugate,swap,ν(⚤) = ⚤ (involutive),Time-reversal symmetry HEP,5,
⊤,Attractor/Top,"L ↦ Π₁(L), T ↦ 1",project₁,kill,0,ν(⊤) = ⊤ (fixed attractor),Stable topological charge HEP,5,
⊣̸,Irreversible Separation,L ↦ L + A_skew,0,+asym,+gap,ν(⊣̸) = ⊥,EP2 Non-Hermitian skin effect,5,
⊣̸,Irreversible Separation,"L ↦ L + A_skew, ν ↦ ν·(1-ε)",0,+asym,+gap,ν(⊣̸) = ⊥,Non-Hermitian gap-protected HEP,,
⊥̸,Torsion Injection,"L ↦ L + τ·Hodge₁, I ↦ I + η",0,+torsion,0,ν(⊥̸) = ⊥̸⊥̸...,Torsion-induced exceptional ring,,
⋈,Braid/Entanglement,L ↦ L + β·Braid(L),0,braid,0,ν(⋈) = ◬,Braid-group protected multifold EP,,
⚤,Duality/Conjugation,"L ↦ L* (adjoint), Φ ↦ (F, I, T)",swap,conjugate,swap,ν(⚤) = ⚤,Self-dual HEP symmetry (Z2),,
=,Collapse/Fixed Point,"L ↦ ν(L), Φ ↦ proj(Φ)",project,kill,0,ν(=) = =,Fixed-point singularity (Z),,
⊤,Attractor/Top,"L ↦ Π₁(L), T ↦ 1",project₁,kill,0,ν(⊤) = ⊤,Global attractor EP (Z),,
φ,Golden Ratio Scaling,"L ↦ φ·L, spectral scaling",scale,scale,scale,ν ∘ φ = φ ∘ ν (commute),Scale-invariant manifold with Z-type spectral protection.,Source_User_Description,
Φ,Flux Operator,L ↦ L + ∇×A (curl perturbation),0,+flux,0,Φ ∘ φ = φ ∘ Φ (commute),Z-invariant Hopf Exceptional Point (HEP) in 1D.,Source_User_Description,
⊣̸,Irreversible Separation,"L ↦ L + A_skew, ν ↦ ν·(1-ε)",0,+asym,+gap,ν(⊣̸) = ⊥,"Non-Hermitian gap-opening deformation, Z2 topological transition.",Source_User_Description,
⊥̸,Torsion Injection,"L ↦ L + τ·Hodge₁, I ↦ I + η",0,+torsion,0,ν(⊥̸) = ⊥̸⊥̸...,"Chiral torsion-induced HEP, Z-type invariant.",Source_User_Description,
⋈,Braid/Entanglement,L ↦ L + β·Braid(L),0,braid,0,ν(⋈) = ◬,Braid-protected multifold HEP (Z-type).,Source_User_Description,
⚤,Duality/Conjugation,"L ↦ L* (adjoint), Φ ↦ (F, I, T)",swap,conjugate,swap,ν(⚤) = ⚤,Adjoint parity-time (PT) symmetry point.,Source_User_Description,
=,Collapse/Fixed Point,"L ↦ ν(L), Φ ↦ proj(Φ)",project,kill,0,ν(=) = =,Tarski-fixed exceptional manifold.,Source_User_Description,
⊤,Attractor/Top,"L ↦ Π₁(L), T ↦ 1",project₁,kill,0,ν(⊤) = ⊤,Maximal attractor state (Topos terminal object).,Source_User_Description,
φ,Golden Ratio Scaling,"L ↦ φ·L, spectral scaling",scale,scale,scale,ν(φ) = φ·ν (commutes),Z: Scale-Invariant Symmetry,6,
Φ,Flux Operator,L ↦ L + ∇×A (curl perturbation),0,+flux,0,ν(Φ) = Φ (commutes with φ),Z2: Non-Hermitian Flux protected HEP,6,
⊣̸,Irreversible Separation,"L ↦ L + A_skew, ν ↦ ν·(1-ε)",0,+asym,+gap,ν(⊣̸) = ⊥ (grounds in contradiction),HEP-2: Irreversible Exceptional Point,6,
⊥̸,Torsion Injection,"L ↦ L + τ·Hodge₁, I ↦ I + η",0,+torsion,0,ν(⊥̸) = ⊥̸⊥̸... (limit cycle),HEP-3: Torsional Exceptional Multi-point,6,
⊬,Non-Derivability,L ↦ L\,"_{ker(Reach)}, ν ↦ 0",0,0,+dim,ν = 0,Z2: Obstruction-based HEP,6
⋈,Braid/Entanglement,L ↦ L + β·Braid(L),0,braid,0,ν(⋈) = ◬ (locks to phase),Z: Entanglement-protected HEP,6,
⚤,Duality/Conjugation,"L ↦ L* (adjoint), Φ ↦ (F, I, T)",swap,conjugate,swap,ν(⚤) = ⚤ (involutive),Z2: Chiral/Dual Symmetry Point,6,
=,Collapse/Fixed Point,"L ↦ ν(L), Φ ↦ proj(Φ)",project,kill,0,ν(=) = = (idempotent),Z: Singular Fixed Point,6,
⊤,Attractor/Top,"L ↦ Π₁(L), T ↦ 1",project₁,kill,0,ν(⊤) = ⊤ (fixed),Z: Maximal Attractor State,6,
φ,Golden Ratio Scaling,"L ↦ φ·L, spectral scaling",scale,scale,scale,ν ∘ φ = φ ∘ ν (commute),Z-protected spectral scaling point,7,
⊣̸,Irreversible Separation,"L ↦ L + A_skew, ν ↦ ν·(1-ε)",0,+asym,+gap,ν(⊣̸) = ⊥ (grounds in contradiction),Exceptional point of third-order (EP3),7,
⊥̸,Torsion Injection,"L ↦ L + τ·Hodge₁, I ↦ I + η",0,+torsion,0,ν(⊥̸) = ⊥̸⊥̸... (limit cycle accumulation),Hopf-link exceptional circle,7,
⊬,Non-Derivability,L ↦ L\,"_{ker(Reach)}, ν ↦ 0",0,0,+dim,ν ↦ 0,Disconnected manifold obstruction point,7
⋈,Braid/Entanglement,L ↦ L + β·Braid(L),0,braid,0,ν(⋈) = ◬ (locks to phase),Non-Abelian braid point (EP2),7,
⚤,Duality/Conjugation,"L ↦ L* (adjoint), Φ ↦ (F, I, T)",swap,conjugate,swap,ν(⚤) = ⚤ (involutive),Z2-invariant PT-symmetric point,7,
=,Collapse/Fixed Point,"L ↦ ν(L), Φ ↦ proj(Φ)",project,kill,0,ν(=) = = (idempotent),Fixed point exceptional attractor,7,
⊤,Attractor/Top,"L ↦ Π₁(L), T ↦ 1",project₁,kill,0,ν(⊤) = ⊤ (fixed attractor),Global attractor exceptional point,7,
φ,Golden Ratio Scaling,"L ↦ φ·L, spectral scaling",scale,scale,scale,ν ∘ φ = φ ∘ ν (commute),Z or Z2 protected spectral HEP,,
Φ,Flux Operator,L ↦ L + ∇×A (curl perturbation),0,+flux,0,Φ ∘ φ = φ ∘ Φ (commute),Z protected 1D chiral HEP,,
⊣̸,Irreversible Separation,"L ↦ L + A_skew, ν ↦ ν·(1-ε)",0,+asym,+gap,ν(⊣̸) = ⊥ (grounds in contradiction),Non-Hermitian Z2 topological gap,,
⊤̸,Attractor Fragmentation,"L ↦ L - Π₁(L), ν ↦ ν⊥",-rank,+dim,0,⊤̸ ∘ = = ⊥̸,Defective HEP of dimension d-1,,
⊥̸,Torsion Injection,"L ↦ L + τ·Hodge₁, I ↦ I + η",0,+torsion,0,ν(⊥̸) = ⊥̸⊥̸... (limit cycle),Non-trivial Hopf link in spectral space,,
⊬,Non-Derivability,L ↦ L\,"_{ker(Reach)}, ν ↦ 0",0,0,+dim,ν ↦ 0,Coker-derived obstruction point,
≠,Spectral Shear,L ↦ L + κ·(v₁v₁ᵀ - v₂v₂ᵀ),split,shear,0,≠ ∘ ⊢ = ⊤̸,Z protected shear exceptional point,,
⋈,Braid/Entanglement,L ↦ L + β·Braid(L),0,braid,0,ν(⋈) = ◬ (locks to phase),Braided nodal line HEP,,
◬,Quadrature/Phase Lock,L ↦ L + γ·(L⊗L)₁,lock,phase,0,◬ ∘ ≠ = ⊥̸,Higher-order phase-locked HEP,,
⚤,Duality/Conjugation,"L ↦ L* (adjoint), Φ ↦ (F, I, T)",swap,conjugate,swap,ν(⚤) = ⚤ (involutive),Z2 particle-hole symmetric HEP,,
=,Collapse/Fixed Point,"L ↦ ν(L), Φ ↦ proj(Φ)",project,kill,0,ν(=) = = (idempotent),Singular collapse point (Z classification),,
⊢,Forward Derivation,"L ↦ e^{-tL}, T ↦ T + ∇·flux",diffuse,advect,0,⊥ ∘ ⊢ = =,Diffusion-protected flow point,,
⊥,Boundary/Contradiction,"L ↦ L + ∂∂*, F ↦ F + δ",0,0,+boundary,ν(⊣̸) = ⊥,Boundary-induced Z2 HEP,,
⊤,Attractor/Top,"L ↦ Π₁(L), T ↦ 1",project₁,kill,0,ν(⊤) = ⊤ (fixed),Topological attractor point,,
⊣,Backward Generation,"L ↦ Lᵀ, T ↦ T - ∇·flux",diffuseᵀ,advectᵀ,0,⚤ ∘ ⊢ = ⊣,Time-reversed advection HEP,,
φ,Golden Ratio Scaling,"L ↦ φ·L, spectral scaling",scale,scale,scale,ν ∘ φ = φ ∘ ν (commute),Z-invariant scaling of spectral densities,8,
Φ,Flux Operator,L ↦ L + ∇×A (curl perturbation),0,+flux,0,Φ ∘ φ = φ ∘ Φ (commute),Z-type vortex/fluxon condensation,8,
⊣̸,Irreversible Separation,"L ↦ L + A_skew, ν ↦ ν·(1-ε)",0,+asym,+gap,ν(⊣̸) = ⊥ (grounds in contradiction),Non-Hermitian Z2 topological gap formation,8,
⊤̸,Attractor Fragmentation,"L ↦ L - Π₁(L), ν ↦ ν⊥",-rank,+dim,0,ν(⊤) = ⊤ (attractor is fixed),Exceptional point rank-deficiency,8,
⊥̸,Torsion Injection,"L ↦ L + τ·Hodge₁, I ↦ I + η",0,+torsion,0,ν(⊥̸) = ⊥̸⊥̸... (limit cycle accumulation),Z-invariant torsion winding,8,
⊬,Non-Derivability,L ↦ L\,"_{ker(Reach)}, ν ↦ 0",0,0,+dim,ν(⊬) = 0,Topological obstruction H2,8
≠,Spectral Shear,L ↦ L + κ·(v₁v₁ᵀ - v₂v₂ᵀ),split,shear,0,"ν_{α,β,...}(F) fixed point of F",Z2-protected eigenvalue shearing,8,
⋈,Braid/Entanglement,L ↦ L + β·Braid(L),0,braid,0,ν(⋈) = ◬ (locks to phase),Z-braiding of multifold exceptional points,8,
◬,Quadrature/Phase Lock,L ↦ L + γ·(L⊗L)₁,lock,phase,0,ν(⋈) = ◬ (limit state),Z2-phase synchronization,8,
⚤,Duality/Conjugation,"L ↦ L* (adjoint), Φ ↦ (F, I, T)",swap,conjugate,swap,ν(⚤) = ⚤ (involutive),Topological conjugation mirror,8,
⊤,Attractor/Top,"L ↦ Π₁(L), T ↦ 1",project₁,kill,0,ν(⊤) = ⊤ (attractor is fixed),Fixed-point attractor state,8,
ℛf,Reflecton,ℛf(A) := Mirror(A) ⊕ Ξ⁻¹(A),swap,mirror,swap,ν(ℛf) = ℛf (involutive stabilizer),Z2-reflection symmetry protected state,8,
φ,Golden Ratio Scaling,"L ↦ φ·L, spectral scaling",scale,scale,scale,ν ∘ φ = φ ∘ ν (commute),Z2 symmetric scaling point,9,
Φ,Flux Operator,L ↦ L + ∇×A (curl perturbation),0,+flux,0,ν ∘ Φ = Φ ∘ ν (commute),HEP-1 (Chiral flux point),9,
⊣̸,Irreversible Separation,"L ↦ L + A_skew, ν ↦ ν·(1-ε)",0,+asym,+gap,ν(⊣̸) = ⊥ (grounds in contradiction),HEP-2 (Non-Hermitian gap point),9,
⊤̸,Attractor Fragmentation,"L ↦ L - Π₁(L), ν ↦ ν⊥",-rank,+dim,0,ν(⊤̸) = ⊥̸,Unstable exceptional manifold,9,
⊥̸,Torsion Injection,"L ↦ L + τ·Hodge₁, I ↦ I + η",0,+torsion,0,ν(⊥̸) = ⊥̸⊥̸... (limit cycle),Z-type torsion point,9,
⊬,Non-Derivability,L ↦ L\,"_{ker(Reach)}, ν ↦ 0",0,0,+dim,ν(⊬) = 0,Trivialized exceptional point,9
⋈,Braid/Entanglement,L ↦ L + β·Braid(L),0,braid,0,ν(⋈) = ◬ (phase lock),Hopf-link exceptional circle,9,
◬,Quadrature/Phase Lock,L ↦ L + γ·(L⊗L)₁,lock,phase,0,ν(◬) = ◬,Stable phase-lock HEP,9,
⚤,Duality/Conjugation,"L ↦ L* (adjoint), Φ ↦ (F, I, T)",swap,conjugate,swap,ν(⚤) = ⚤ (involutive),Z2-invariant HEP,9,
=,Collapse/Fixed Point,"L ↦ ν(L), Φ ↦ proj(Φ)",project,kill,0,ν(=) = = (idempotent),Trivial fixed point,9,
⊤,Attractor/Top,"L ↦ Π₁(L), T ↦ 1",project₁,kill,0,ν(⊤) = ⊤,Topological attractor HEP,9,
φ,Golden Ratio Scaling,"L ↦ φ·L, spectral scaling",scale,scale,scale,ν ∘ φ = φ ∘ ν (commute),Z-protected spectral deformation,10,
Φ,Flux Operator,L ↦ L + ∇×A (curl perturbation),0,+flux,0,ν ∘ Φ = Φ ∘ ν (inferred commute),Z-protected H1 circulation,10,
⊣̸,Irreversible Separation,"L ↦ L + A_skew, ν ↦ ν·(1-ε)",0,+asym,+gap,ν(⊣̸) = ⊥,Z2-protected non-Hermitian gap,10,
⊥̸,Torsion Injection,"L ↦ L + τ·Hodge₁, I ↦ I + η",0,+torsion,0,ν(⊥̸) = ⊥̸⊥̸... (limit cycle),Z2-protected torsion mode,10,
⊬,Non-Derivability,L ↦ L\,"_{ker(Reach)}, ν ↦ 0",0,0,+dim,ν ↦ 0,Z-protected reachability obstruction,10
⋈,Braid/Entanglement,L ↦ L + β·Braid(L),0,braid,0,ν(⋈) = ◬,Z2-protected braid entanglement,10,
⚤,Duality/Conjugation,"L ↦ L* (adjoint), Φ ↦ (F, I, T)",swap,conjugate,swap,ν(⚤) = ⚤ (involutive),Z2-protected adjoint duality,10,
⊤,Attractor/Top,"L ↦ Π₁(L), T ↦ 1",project₁,kill,0,ν(⊤) = ⊤,Z-protected attractor state,10,
=,Collapse/Fixed Point,"L ↦ ν(L), Φ ↦ proj(Φ)",project,kill,0,ν(=) = =,Z-protected fixed point,10,
φ,Golden Ratio Scaling,"L ↦ φ·L, spectral scaling",scale,scale,scale,ν ∘ φ = φ ∘ ν (commute),Z-protected spectral scaling,11,
Φ,Flux Operator,L ↦ L + ∇×A (curl perturbation),0,+flux,0,Φ ∘ φ = φ ∘ Φ (commute),Non-Hermitian flux-protected HEP,11,
⊣̸,Irreversible Separation,"L ↦ L + A_skew, ν ↦ ν·(1-ε)",0,+asym,+gap,ν(⊣̸) = ⊥ (grounds in contradiction),Z2 boundary-protected HEP,11,
⊥̸,Torsion Injection,"L ↦ L + τ·Hodge₁, I ↦ I + η",0,+torsion,0,ν(⊥̸) = ⊥̸⊥̸... (limit cycle accumulation),Torsion-induced HEP,11,
⊬,Non-Derivability,L ↦ L\,"_{ker(Reach)}, ν ↦ 0",0,0,+dim,ν ↦ 0,Cohomological obstruction point,11
⋈,Braid/Entanglement,L ↦ L + β·Braid(L),0,braid,0,ν(⋈) = ◬ (locks to phase),Braid-protected multifold HEP,11,
⚤,Duality/Conjugation,"L ↦ L* (adjoint), Φ ↦ (F, I, T)",swap,conjugate,swap,ν(⚤) = ⚤ (involutive),Chiral symmetry protected HEP,11,
پروژه =,Collapse/Fixed Point,"L ↦ ν(L), Φ ↦ proj(Φ)",project,kill,0,ν(=) = = (idempotent),Stable manifold attractor,11,
⊤,Attractor/Top,"L ↦ Π₁(L), T ↦ 1",project₁,kill,0,ν(⊤) = ⊤ (fixed),Topological invariant point,11,
φ,Golden Ratio Scaling,"L ↦ φ·L, spectral scaling",scale,scale,scale,ν ∘ φ = φ ∘ ν (commute),Z-protected Scaling Invariant,12,
Φ,Flux Operator,L ↦ L + ∇×A (curl perturbation),0,+flux,0,ν ∘ Φ = Φ ∘ ν (commute),Z2-protected Flux Point,12,
⊣̸,Irreversible Separation,"L ↦ L + A_skew, ν ↦ ν·(1-ε)",0,+asym,+gap,ν(⊣̸) = ⊥ (grounds in contradiction),Exceptional Surface (HEP-2),12,
⊥̸,Torsion Injection,"L ↦ L + τ·Hodge₁, I ↦ I + η",0,+torsion,0,ν(⊥̸) = ⊥̸⊥̸... (limit cycle),Chiral Exceptional Ring,12,
⋈,Braid/Entanglement,L ↦ L + β·Braid(L),0,braid,0,ν(⋈) = ◬ (locks to phase),Non-Abelian Braid HEP,12,
⚤,Duality/Conjugation,"L ↦ L* (adjoint), Φ ↦ (F, I, T)",swap,conjugate,swap,ν(⚤) = ⚤ (involutive),PT-Symmetric Exceptional Point,12,
=,Collapse/Fixed Point,"L ↦ ν(L), Φ ↦ proj(Φ)",project,kill,0,ν(=) = = (idempotent),Fixed Point Attractor,12,
⊤,Attractor/Top,"L ↦ Π₁(L), T ↦ 1",project₁,kill,0,ν(⊤) = ⊤ (fixed),Topological Attractor (Z),12,
φ,Golden Ratio Scaling,"L ↦ φ·L, spectral scaling",scale,scale,scale,ν ∘ φ = φ ∘ ν (commute),Z-invariant scaling HEP,Source_Number,
⊣̸,Irreversible Separation,"L ↦ L + A_skew, ν ↦ ν·(1-ε)",0,+asym,+gap,ν(⊣̸) = ⊥,Z2-topological skin effect,Source_Number,
⊥̸,Torsion Injection,"L ↦ L + τ·Hodge₁, I ↦ I + η",0,+torsion,0,ν(⊥̸) = ⊥̸⊥̸... (limit cycle),Non-Hermitian Chern insulator HEP,Source_Number,
⋈,Braid/Entanglement,L ↦ L + β·Braid(L),0,braid,0,ν(⋈) = ◬,Braided exceptional fiber bundle,Source_Number,
⚤,Duality/Conjugation,"L ↦ L* (adjoint), Φ ↦ (F, I, T)",swap,conjugate,swap,ν(⚤) = ⚤,Time-reversal protected HEP,Source_Number,
=,Collapse/Fixed Point,"L ↦ ν(L), Φ ↦ proj(Φ)",project,kill,0,ν(=) = =,Exceptional surface collapse,Source_Number,
⊤,Attractor/Top,"L ↦ Π₁(L), T ↦ 1",project₁,kill,0,ν(⊤) = ⊤,Bulk exceptional point,Source_Number,
Φ,Flux Operator,L ↦ L + ∇×A (curl perturbation),0,+flux,0,Φ ∘ φ = φ ∘ Φ (commute),Z2-protected chiral flux,13,
⊣̸,Irreversible Separation,"L ↦ L + A_skew, ν ↦ ν·(1-ε)",0,+asym,+gap,ν(⊣̸) = ⊥,Non-Hermitian gap boundary,13,
⊤̸,Attractor Fragmentation,"L ↦ L - Π₁(L), ν ↦ ν⊥",-rank,+dim,0,ν(⊤̸) = Not in source,HEP-2 fragmentation,13,
⊥̸,Torsion Injection,"L ↦ L + τ·Hodge₁, I ↦ I + η",0,+torsion,0,ν(⊥̸) = ⊥̸⊥̸... (limit cycle),Torsional exceptional point,13,
⊬,Non-Derivability,L ↦ L\,"_{ker(Reach)}, ν ↦ 0",0,0,+dim,ν ↦ 0,Cohomological obstruction,13
⋈,Braid/Entanglement,L ↦ L + β·Braid(L),0,braid,0,ν(⋈) = ◬,Braid-group protected HEP,13,
⚤,Duality/Conjugation,"L ↦ L* (adjoint), Φ ↦ (F, I, T)",swap,conjugate,swap,ν(⚤) = ⚤,Involutive symmetry HEP,13,
=,Collapse/Fixed Point,"L ↦ ν(L), Φ ↦ proj(Φ)",project,kill,0,ν(=) = =,Fixed-point collapse,13,
⊤,Attractor/Top,"L ↦ Π₁(L), T ↦ 1",project₁,kill,0,ν(⊤) = ⊤,Universal attractor,13,
φ,Golden Ratio Scaling,"L ↦ φ·L, spectral scaling",scale,scale,scale,ν ∘ φ = φ ∘ ν (commute),Z-protected linear HEP,Source Description,
Φ,Flux Operator,L ↦ L + ∇×A (curl perturbation),0,+flux,0,ν ∘ Φ = Φ ∘ ν (commute),Non-trivial Hopf link (Z invariant),Source Description,
⊣̸,Irreversible Separation,"L ↦ L + A_skew, ν ↦ ν·(1-ε)",0,+asym,+gap,ν(⊣̸) = ⊥ (grounds in contradiction),Dissipative gap HEP,Source Description,
⊥̸,Torsion Injection,"L ↦ L + τ·Hodge₁, I ↦ I + η",0,+torsion,0,ν(⊥̸) = ⊥̸⊥̸... (limit cycle),Torsion-protected HEP,Source Description,
⊬,Non-Derivability,L ↦ L\,"_{ker(Reach)}, ν ↦ 0",0,0,+dim,ν(⊬) = 0,Topological obstruction point,Source Description
⋈,Braid/Entanglement,L ↦ L + β·Braid(L),0,braid,0,ν(⋈) = ◬ (locks to phase),Braided link HEP,Source Description,
◬,Quadrature/Phase Lock,L ↦ L + γ·(L⊗L)₁,lock,phase,0,ν(◬) = ◬,Phase-locked HEP,Source Description,
⚤,Duality/Conjugation,"L ↦ L* (adjoint), Φ ↦ (F, I, T)",swap,conjugate,swap,ν(⚤) = ⚤ (involutive),Reciprocal/Adjoint HEP symmetry,Source Description,
=,Collapse/Fixed Point,"L ↦ ν(L), Φ ↦ proj(Φ)",project,kill,0,ν(=) = = (idempotent),Steady-state fixed point,Source Description,
Φ,Flux Operator,L ↦ L + ∇×A (curl perturbation),0,+flux,0,Φ ∘ φ = φ ∘ Φ (commute),Z2 invariant flux braiding,14,
⊥̸,Torsion Injection,"L ↦ L + τ·Hodge₁, I ↦ I + η",0,+torsion,0,ν(⊥̸) = ⊥̸⊥̸... (limit cycle accumulation),Z-protected torsion loop,14,
⊬,Non-Derivability,L ↦ L\,"_{ker(Reach)}, ν ↦ 0",0,0,+dim,ν ↦ 0,Topological obstruction point,14
⋈,Braid/Entanglement,L ↦ L + β·Braid(L),0,braid,0,ν(⋈) = ◬ (locks to phase),Hopf link invariant protected,14,
⚤,Duality/Conjugation,"L ↦ L* (adjoint), Φ ↦ (F, I, T)",swap,conjugate,swap,ν(⚤) = ⚤ (involutive),Chiral/Time-reversal symmetry point,14,
⊤,Attractor/Top,"L ↦ Π₁(L), T ↦ 1",project₁,kill,0,ν(⊤) = ⊤ (fixed),Maximum entropy/topological attractor,14,
=,Collapse/Fixed Point,"L ↦ ν(L), Φ ↦ proj(Φ)",project,kill,0,ν(=) = = (idempotent),Global spectral collapse,14,
φ,Golden Ratio Scaling,"L ↦ φ·L, spectral scaling",scale,scale,scale,ν ∘ φ = φ ∘ ν (commute),Z-invariant spectral deformation,15,
⊣̸,Irreversible Separation,"L ↦ L + A_skew, ν ↦ ν·(1-ε)",0,+asym,+gap,ν(⊣̸) = ⊥ (grounds in contradiction),Non-Hermitian exceptional point,15,
⊥̸,Torsion Injection,"L ↦ L + τ·Hodge₁, I ↦ I + η",0,+torsion,0,ν(⊥̸) = ⊥̸⊥̸... (accumulates to limit cycle),Hopf-link torsion protected by H1,15,
⋈,Braid/Entanglement,L ↦ L + β·Braid(L),0,braid,0,ν(⋈) = ◬ (locks to phase),Multifold braid exception (Z),15,
⚤,Duality/Conjugation,"L ↦ L* (adjoint), Φ ↦ (F, I, T)",swap,conjugate,swap,ν(⚤) = ⚤ (involutive),C-invariance symmetry point,15,
⊤,Attractor/Top,"L ↦ Π₁(L), T ↦ 1",project₁,kill,0,ν(⊤) = ⊤ (fixed),Stable topological attractor,15,
=,Collapse/Fixed Point,"L ↦ ν(L), Φ ↦ proj(Φ)",project,kill,0,ν(=) = = (idempotent),Fixed point manifold (Knaster-Tarski),15,
φ,Golden Ratio Scaling,"L ↦ φ·L, spectral scaling",scale,scale,scale,ν ∘ φ = φ ∘ ν (commute),Non-Hermitian scaling invariant Z,User Instruction,
⊣̸,Irreversible Separation,"L ↦ L + A_skew, ν ↦ ν·(1-ε)",0,+asym,+gap,ν(⊣̸) = ⊥ (grounds in contradiction),EP2 with Z-winding,User Instruction,
⋈,Braid/Entanglement,L ↦ L + β·Braid(L),0,braid,0,ν(⋈) = ◬ (phase lock),Non-Abelian braid HEP (Z2),User Instruction,
⚤,Duality/Conjugation,"L ↦ L* (adjoint), Φ ↦ (F, I, T)",swap,conjugate,swap,ν(⚤) = ⚤ (involutive),Symmetry-protected HEP,User Instruction,
=,Collapse/Fixed Point,"L ↦ ν(L), Φ ↦ proj(Φ)",project,kill,0,ν(=) = = (idempotent),Stationary fixed point,User Instruction,
⊤,Attractor/Top,"L ↦ Π₁(L), T ↦ 1",project₁,kill,0,ν(⊤) = ⊤ (fixed),Global attractor state,User Instruction,
Φ,Flux Operator,L ↦ L + ∇×A (curl perturbation),0,+flux,0,Φ ∘ φ = φ ∘ Φ (commute),Z2-protected fluxon excitation (HEP),Source_Table_User,
⊣̸,Irreversible Separation,"L ↦ L + A_skew, ν ↦ ν·(1-ε)",0,+asym,+gap,ν(⊣̸) = ⊥ (grounds in contradiction),Asymmetric drift HEP,Source_Table_User,
⊤̸,Attractor Fragmentation,"L ↦ L - Π₁(L), ν ↦ ν⊥",-rank,+dim,0,⊤̸ ∘ = = ⊥̸,Rank-defect topological fragmentation,Source_Table_User,
⊥̸,Torsion Injection,"L ↦ L + τ·Hodge₁, I ↦ I + η",0,+torsion,0,ν(⊥̸) = ⊥̸⊥̸... (limit cycle),Torsion-induced HEP limit cycle,Source_Table_User,
⊬,Non-Derivability,L ↦ L\,"_{ker(Reach)}, ν ↦ 0",0,0,+dim,ν ↦ 0,Obstruction-type exceptional point,Source_Table_User
≠,Spectral Shear,L ↦ L + κ·(v₁v₁ᵀ - v₂v₂ᵀ),split,shear,0,≠ ∘ ⊢ = ⊤̸,Shear-induced spectral splitting,Source_Table_User,
⋈,Braid/Entanglement,L ↦ L + β·Braid(L),0,braid,0,ν(⋈) = ◬ (phase lock),Braided non-Hermitian knot,Source_Table_User,
◬,Quadrature/Phase Lock,L ↦ L + γ·(L⊗L)₁,lock,phase,0,◬ ∘ ≠ = ⊥̸,Phase-locked quadrature state,Source_Table_User,
⚤,Duality/Conjugation,"L ↦ L* (adjoint), Φ ↦ (F, I, T)",swap,conjugate,swap,ν(⚤) = ⚤ (involutive),Adjoint-symmetry protected point,Source_Table_User,
⊣,Backward Generation,"L ↦ Lᵀ, T ↦ T - ∇·flux",diffuseᵀ,advectᵀ,0,⚤ ∘ ⊢ = ⊣,Time-reversed advection point,Source_Table_User,
φ,Golden Ratio Scaling,"L ↦ φ·L, spectral scaling",scale,scale,scale,ν ∘ φ = φ ∘ ν (commute),Z-protected Weyl point,16,
Φ,Flux Operator,L ↦ L + ∇×A (curl perturbation),0,+flux,0,Φ ∘ φ = φ ∘ Φ (commute),Z2-protected nodal line,16,
⊣̸,Irreversible Separation,"L ↦ L + A_skew, ν ↦ ν·(1-ε)",0,+asym,+gap,ν(⊣̸) = ⊥,HEP-2 (Second-order Exceptional Point),16,
⊤̸,Attractor Fragmentation,"L ↦ L - Π₁(L), ν ↦ ν⊥",-rank,+dim,0,⊤̸ ∘ = = ⊥̸,Unstable higher-order HEP,16,
⊥̸,Torsion Injection,"L ↦ L + τ·Hodge₁, I ↦ I + η",0,+torsion,0,ν(⊥̸) = ⊥̸⊥̸... (limit cycle),Chiral HEP,16,
≠,Spectral Shear,L ↦ L + κ·(v₁v₁ᵀ - v₂v₂ᵀ),split,shear,0,≠ ∘ ⊢ = ⊤̸,Anisotropic HEP-3,16,
⋈,Braid/Entanglement,L ↦ L + β·Braid(L),0,braid,0,ν(⋈) = ◬,Braided Exceptional String,16,
◬,Quadrature/Phase Lock,L ↦ L + γ·(L⊗L)₁,lock,phase,0,◬ ∘ ≠ = ⊥̸,Phase-locked HEP manifold,16,
⚤,Duality/Conjugation,"L ↦ L* (adjoint), Φ ↦ (F, I, T)",swap,conjugate,swap,ν(⚤) = ⚤ (involutive),PT-symmetric HEP,16,
═,Collapse/Fixed Point,"L ↦ ν(L), Φ ↦ proj(Φ)",project,kill,0,ν(=) = =,Stable Eigenform State,16,
⊢,Forward Derivation,"L ↦ e^{-tL}, T ↦ T + ∇·flux",diffuse,advect,0,⊥ ∘ ⊢ = =,Temporal Evolution Operator,16,
⊥,Boundary/Contradiction,"L ↦ L + ∂∂*, F ↦ F + δ",0,0,+boundary,⚤ ∘ ⊤ = ⊥,Topological Defect/Sink,16,
⊤,Attractor/Top,"L ↦ Π₁(L), T ↦ 1",project₁,kill,0,ν(⊤) = ⊤,Global Attractor HEP,16,
⊣,Backward Generation,"L ↦ Lᵀ, T ↦ T - ∇·flux",diffuseᵀ,advectᵀ,0,⚤ ∘ ⊢ = ⊣,Time-reversed HEP,16,
φ,Golden Ratio Scaling,"L ↦ φ·L, spectral scaling",scale,scale,scale,ν(φ) = φ·ν (commutes),Z-invariant scaling of exceptional points,17,
Φ,Flux Operator,L ↦ L + ∇×A (curl perturbation),0,+flux,0,ν(Φ) = Φ·ν (commutes),Trivial HEP with protected circulation,17,
⊣̸,Irreversible Separation,"L ↦ L + A_skew, ν ↦ ν·(1-ε)",0,+asym,+gap,ν(⊣̸) = ⊥,Z2-invariant gapped topological phase,17,
⊥̸,Torsion Injection,"L ↦ L + τ·Hodge₁, I ↦ I + η",0,+torsion,0,ν(⊥̸) = ⊥̸⊥̸... (limit cycle),Multifold torsion HEP,17,
⋈,Braid/Entanglement,L ↦ L + β·Braid(L),0,braid,0,ν(⋈) = ◬,Braided topological exceptional string,17,
⚤,Duality/Conjugation,"L ↦ L* (adjoint), Φ ↦ (F, I, T)",swap,conjugate,swap,ν(⚤) = ⚤,Self-dual exceptional invariant,17,
⊤,Attractor/Top,"L ↦ Π₁(L), T ↦ 1",project₁,kill,0,ν(⊤) = ⊤,Stable attractor exceptional state,17,
≃,Collapse/Fixed Point,"L ↦ ν(L), Φ ↦ proj(Φ)",project,kill,0,ν(=) = =,Fixed-point exceptional manifold,17,
Φ,Flux Operator,L ↦ L + ∇×A (curl perturbation),0,+flux,0,Φ ∘ φ = φ ∘ Φ (commute),Z-type chiral Exceptional Point,18,
⊤̸,Attractor Fragmentation,"L ↦ L - Π₁(L), ν ↦ ν⊥",-rank,+dim,0,ν(⊤̸) = Not in source,Defective multifold degeneracy,18,
⊥̸,Torsion Injection,"L ↦ L + τ·Hodge₁, I ↦ I + η",0,+torsion,0,ν(⊥̸) = ⊥̸⊥̸... (limit cycle accumulation),Hopf Exceptional Point (HEP) - Hopf Link,18,
⊬,Non-Derivability,L ↦ L\,"_{ker(Reach)}, ν ↦ 0",0,0,+dim,ν(⊬) = 0 (annihilation),Trivial homotopy obstruction,18
⋈,Braid/Entanglement,L ↦ L + β·Braid(L),0,braid,0,ν(⋈) = ◬ (locks to phase),Braided Exceptional String,18,
◬,Quadrature/Phase Lock,L ↦ L + γ·(L⊗L)₁,lock,phase,0,◬ ∘ ≠ = ⊥̸,Phase-protected Z2 point,18,
⚤,Duality/Conjugation,"L ↦ L* (adjoint), Φ ↦ (F, I, T)",swap,conjugate,swap,ν(⚤) = ⚤ (involutive),Pseudo-Hermitian Symmetry Operator,18,
⊤,Attractor/Top,"L ↦ Π₁(L), T ↦ 1",project₁,kill,0,ν(⊤) = ⊤ (attractor is fixed),Topological skin effect sink,18,
⊥,Boundary/Contradiction,"L ↦ L + ∂∂*, F ↦ F + δ",0,0,+boundary,ν(⊣̸) = ⊥,Topological boundary state,18,
=,Collapse/Fixed Point,"L ↦ ν(L), Φ ↦ proj(Φ)",project,kill,0,ν(=) = = (idempotent),Fixed-point manifold,18,
φ,Golden Ratio Scaling,"L ↦ φ·L, spectral scaling",scale,scale,scale,ν ∘ φ = φ ∘ ν (commute),Z-type HEP (1D Scaling),User Table Description,
Φ,Flux Operator,L ↦ L + ∇×A (curl perturbation),0,+flux,0,ν ∘ Φ = Φ ∘ ν (commute),Z2-type HEP (Vortex),User Table Description,
⊣̸,Irreversible Separation,"L ↦ L + A_skew, ν ↦ ν·(1-ε)",0,+asym,+gap,ν(⊣̸) = ⊥ (grounds in contradiction),Exceptional Surface,User Table Description,
⊤̸,Attractor Fragmentation,"L ↦ L - Π₁(L), ν ↦ ν⊥",-rank,+dim,0,ν(⊤̸ ∘ =) = ⊥̸,Non-Hermitian Singularity,User Table Description,
⊥̸,Torsion Injection,"L ↦ L + τ·Hodge₁, I ↦ I + η",0,+torsion,0,ν(⊥̸) = ⊥̸⊥̸... (limit cycle),Chiral Exceptional Point,User Table Description,
⊬,Non-Derivability,L ↦ L\,"_{ker(Reach)}, ν ↦ 0",0,0,+dim,ν ↦ 0 (nullity),Obstruction Point,User Table Description
≠,Spectral Shear,L ↦ L + κ·(v₁v₁ᵀ - v₂v₂ᵀ),split,shear,0,≠ ∘ ⊢ = ⊤̸,Shear-induced HEP,User Table Description,
⋈,Braid/Entanglement,L ↦ L + β·Braid(L),0,braid,0,ν(⋈) = ◬ (phase lock),Braid Group HEP,User Table Description,
◬,Quadrature/Phase Lock,L ↦ L + γ·(L⊗L)₁,lock,phase,0,◬ ∘ ≠ = ⊥̸,Phase-locked Exceptional Line,User Table Description,
⚤,Duality/Conjugation,"L ↦ L* (adjoint), Φ ↦ (F, I, T)",swap,conjugate,swap,ν(⚤) = ⚤ (involutive),PT-Symmetric HEP,User Table Description,
=,Collapse/Fixed Point,"L ↦ ν(L), Φ ↦ proj(Φ)",project,kill,0,ν(=) = = (idempotent),Higher-Order HEP (Static),User Table Description,
⊢,Forward Derivation,"L ↦ e^{-tL}, T ↦ T + ∇·flux",diffuse,advect,0,⊥ ∘ ⊢ = =,Evolutionary Manifold,User Table Description,
⊥,Boundary/Contradiction,"L ↦ L + ∂∂*, F ↦ F + δ",0,0,+boundary,ν(⊣̸) = ⊥,Topological Boundary State,User Table Description,
⊤,Attractor/Top,"L ↦ Π₁(L), T ↦ 1",project₁,kill,0,ν(⊤) = ⊤ (fixed),Global Attractor (HEPs),User Table Description,
⊣,Backward Generation,"L ↦ Lᵀ, T ↦ T - ∇·flux",diffuseᵀ,advectᵀ,0,⚤ ∘ ⊢ = ⊣,Retrocausal HEP,User Table Description,
φ,Golden Ratio Scaling,"L ↦ φ·L, spectral scaling",scale,scale,scale,ν ∘ φ = φ ∘ ν (commute),Z (Stable Spectral Scale),19,
Φ,Flux Operator,L ↦ L + ∇×A (curl perturbation),0,+flux,0,ν ∘ Φ = Φ ∘ ν (commute),Z2 (Flux-Protected Transition),19,
⊣̸,Irreversible Separation,"L ↦ L + A_skew, ν ↦ ν·(1-ε)",0,+asym,+gap,ν(⊣̸) = ⊥ (grounds in contradiction),HEP-1 (Chiral Symmetry Breaking),19,
⊥̸,Torsion Injection,"L ↦ L + τ·Hodge₁, I ↦ I + η",0,+torsion,0,ν(⊥̸) = ⊥̸⊥̸... (limit cycle),HEP-3 (Torsional Hopf Link),19,
⊬,Non-Derivability,L ↦ L\,"_{ker(Reach)}, ν ↦ 0",0,0,+dim,ν ↦ 0 (nullity),Z (Non-trivial Kernel Obstruction),19
⋈,Braid/Entanglement,L ↦ L + β·Braid(L),0,braid,0,ν(⋈) = ◬ (locks to phase),HEP-4 (Braided Nodal Line),19,
⚤,Duality/Conjugation,"L ↦ L* (adjoint), Φ ↦ (F, I, T)",swap,conjugate,swap,ν(⚤) = ⚤ (involutive),Z2 (Duality-Protected Point),19,
=,Collapse/Fixed Point,"L ↦ ν(L), Φ ↦ proj(Φ)",project,kill,0,ν(=) = = (idempotent),Z (Idempotent Manifold),19,
⊤,Attractor/Top,"L ↦ Π₁(L), T ↦ 1",project₁,kill,0,ν(⊤) = ⊤ (fixed),Z (Trivial Attractor),19,
φ,Golden Ratio Scaling,"L ↦ φ·L, spectral scaling",scale,scale,scale,ν(φ) = φ,Z-invariant scalar HEP,20,
⊣̸,Irreversible Separation,"L ↦ L + A_skew, ν ↦ ν·(1-ε)",0,+asym,+gap,ν(⊣̸) = ⊥,Higher-order non-Hermitian HEP,20,
⊬,Non-Derivability,L ↦ L\,"_{ker(Reach)}, ν ↦ 0",0,0,+dim,ν(⊬) = 0,Coker-stabilized HEP,20
⋈,Braid/Entanglement,L ↦ L + β·Braid(L),0,braid,0,ν(⋈) = ◬,Non-Abelian braid HEP,20,
⚤,Duality/Conjugation,"L ↦ L* (adjoint), Φ ↦ (F, I, T)",swap,conjugate,swap,ν(⚤) = ⚤,Involutive adjoint HEP,20,
=,Collapse/Fixed Point,"L ↦ ν(L), Φ ↦ proj(Φ)",project,kill,0,ν(=) = =,Idempotent fixed-point HEP,20,
⊤,Attractor/Top,"L ↦ Π₁(L), T ↦ 1",project₁,kill,0,ν(⊤) = ⊤,Stable manifold attractor,20,
φ,Golden Ratio Scaling,"L ↦ φ·L, spectral scaling",scale,scale,scale,ν(φ) = φ,Z-type (U(1) Scale Invariant),Source Description,
⊣̸,Irreversible Separation,"L ↦ L + A_skew, ν ↦ ν·(1-ε)",0,+asym,+gap,ν(⊣̸) = ⊥,Non-Hermitian Z-invariant,Source Description,
⊥̸,Torsion Injection,"L ↦ L + τ·Hodge₁, I ↦ I + η",0,+torsion,0,ν(⊥̸) = ⊥̸⊥̸...,Vortex HEP (Braid protected),Source Description,
⊬,Non-Derivability,L ↦ L\,"_{ker(Reach)}, ν ↦ 0",0,0,+dim,ν(⊬) = 0,Topological Obstruction Z2,Source Description
⋈,Braid/Entanglement,L ↦ L + β·Braid(L),0,braid,0,ν(⋈) = ◬,Non-Abelian Braid HEP,Source Description,
⚤,Duality/Conjugation,"L ↦ L* (adjoint), Φ ↦ (F, I, T)",swap,conjugate,swap,ν(⚤) = ⚤,PT-Symmetric HEP,Source Description,
=,Collapse/Fixed Point,"L ↦ ν(L), Φ ↦ proj(Φ)",project,kill,0,ν(=) = =,Fixed-point attractor,Source Description,
Φ,Flux Operator,L ↦ L + ∇×A (curl perturbation),0,+flux,0,Φ ∘ φ = φ ∘ Φ (commute),Z2-invariant circulation HEP,21,
⊣̸,Irreversible Separation,"L ↦ L + A_skew, ν ↦ ν·(1-ε)",0,+asym,+gap,ν(⊣̸) = ⊥ (grounds in contradiction),Non-Hermitian gap-protected HEP,21,
⊤̸,Attractor Fragmentation,"L ↦ L - Π₁(L), ν ↦ ν⊥",-rank,+dim,0,⊤̸ ∘ = = ⊥̸,Exceptional point of rank-deficiency,21,
⊥̸,Torsion Injection,"L ↦ L + τ·Hodge₁, I ↦ I + η",0,+torsion,0,ν(⊥̸) = ⊥̸⊥̸... (limit cycle),Chiral torsion HEP,21,
⊬,Non-Derivability,L ↦ L\,"_{ker(Reach)}, ν ↦ 0",0,0,+dim,ν ↦ 0 (nullification),Topological obstruction point,21
≠,Spectral Shear,L ↦ L + κ·(v₁v₁ᵀ - v₂v₂ᵀ),split,shear,0,≠ ∘ ⊢ = ⊤̸,Braid-group protected shear HEP,21,
⋈,Braid/Entanglement,L ↦ L + β·Braid(L),0,braid,0,ν(⋈) = ◬ (locks to phase),Knotted/Braid-protected HEP,21,
◬,Quadrature/Phase Lock,L ↦ L + γ·(L⊗L)₁,lock,phase,0,◬ ∘ ≠ = ⊥̸,Phase-locked exceptional point,21,
⚤,Duality/Conjugation,"L ↦ L* (adjoint), Φ ↦ (F, I, T)",swap,conjugate,swap,ν(⚤) = ⚤ (involutive),Symmetry-protected dual HEP,21,
=,Collapse/Fixed Point,"L ↦ ν(L), Φ ↦ proj(Φ)",project,kill,0,ν(=) = = (idempotent),Fixed-point attractor HEP,21,
⊢,Forward Derivation,"L ↦ e^{-tL}, T ↦ T + ∇·flux",diffuse,advect,0,⊥ ∘ ⊢ = =,Diffusive evolution point,21,
⊥,Boundary/Contradiction,"L ↦ L + ∂∂*, F ↦ F + δ",0,0,+boundary,⚤ ∘ ⊤ = ⊥,Co-dimension boundary HEP,21,
⊤,Attractor/Top,"L ↦ Π₁(L), T ↦ 1",project₁,kill,0,ν(⊤) = ⊤ (fixed),Global attractor HEP,21,
⊣,Backward Generation,"L ↦ Lᵀ, T ↦ T - ∇·flux",diffuseᵀ,advectᵀ,0,⚤ ∘ ⊢ = ⊣,Time-reversed diffusive HEP,21,
φ,Golden Ratio Scaling,"L ↦ φ·L, spectral scaling",scale,scale,scale,ν ∘ φ = φ ∘ ν (commute),Trivial (Spectral scaling only),,
Φ,Flux Operator,L ↦ L + ∇×A (curl perturbation),0,+flux,0,Φ ∘ φ = φ ∘ Φ (commute),Z-winding/Resultant winding (W1),22,
⊣̸,Irreversible Separation,"L ↦ L + A_skew, ν ↦ ν·(1-ε)",0,+asym,+gap,ν(⊣̸) = ⊥ (grounds in contradiction),Non-Hermitian Z-winding (Chern-like),,
⊤̸,Attractor Fragmentation,"L ↦ L - Π₁(L), ν ↦ ν⊥",-rank,+dim,0,ν(⊤) = ⊤ (attractor is fixed),Exceptional Surface/Nodal line,22,
⊥̸,Torsion Injection,"L ↦ L + τ·Hodge₁, I ↦ I + η",0,+torsion,0,ν(⊥̸) = ⊥̸⊥̸... (limit cycle accumulation),Hopf Exceptional Point 3 (HEP3) - Z2,22,
⊬,Non-Derivability,L ↦ L\,"_{ker(Reach)}, ν ↦ 0",0,0,+dim,ν ↦ 0 (null state),Witten Anomaly/Z2,22
≠,Spectral Shear,L ↦ L + κ·(v₁v₁ᵀ - v₂v₂ᵀ),split,shear,0,≠ ∘ ⊢ = ⊤̸ (fixed by attractor fragmentation),Weyl fermion/Chern number protected,22,
⋈,Braid/Entanglement,L ↦ L + β·Braid(L),0,braid,0,ν(⋈) = ◬ (locks to phase),Z-topology Symmetry Protected HEP4,22,
◬,Quadrature/Phase Lock,L ↦ L + γ·(L⊗L)₁,lock,phase,0,ν(⋈) = ◬ (braid limit),Phase-protected Z2 (HEP5),22,
⚤,Duality/Conjugation,"L ↦ L* (adjoint), Φ ↦ (F, I, T)",swap,conjugate,swap,ν(⚤) = ⚤ (involutive),PT-Symmetry protection (Z2/Z),22,
＝,Collapse/Fixed Point,"L ↦ ν(L), Φ ↦ proj(Φ)",project,kill,0,ν(=) = = (idempotent),Fixed-point degeneracy (EP coalescence),,
⊢,Forward Derivation,"L ↦ e^{-tL}, T ↦ T + ∇·flux",diffuse,advect,0,⊥ ∘ ⊢ = =,Fractional dispersion/Non-Hermitian flow,22,
⊥,Boundary/Contradiction,"L ↦ L + ∂∂*, F ↦ F + δ",0,0,+boundary,⚤ ∘ ⊤ = ⊥,Obstruction-based Z (Higher homotopy),22,
⊤,Attractor/Top,"L ↦ Π₁(L), T ↦ 1",project₁,kill,0,ν(⊤) = ⊤,Majorana zero mode/Antiparticle-self,22,
⊣,Backward Generation,"L ↦ Lᵀ, T ↦ T - ∇·flux",diffuseᵀ,advectᵀ,0,⚤ ∘ ⊢ = ⊣,Adjoint topology (Hermitian conjugate),,
φ,Golden Ratio Scaling,"L ↦ φ·L, spectral scaling",scale,scale,scale,ν ∘ φ = φ ∘ ν (commute),Z-invariant spectral scaling,23,
Φ,Flux Operator,L ↦ L + ∇×A (curl perturbation),0,+flux,0,Φ ∘ φ = φ ∘ Φ (commute),H1 Chern-protected flux,23,
⊣̸,Irreversible Separation,"L ↦ L + A_skew, ν ↦ ν·(1-ε)",0,+asym,+gap,ν(⊣̸) = ⊥,Z2-topological gap obstruction,23,
⊥̸,Torsion Injection,"L ↦ L + τ·Hodge₁, I ↦ I + η",0,+torsion,0,ν(⊥̸) = ⊥̸⊥̸... (limit cycle),Hopf-link torsion winding,23,
⊬,Non-Derivability,L ↦ L\,"_{ker(Reach)}, ν ↦ 0",0,0,+dim,ν ↦ 0,Kernel obstruction HEP,23
⋈,Braid/Entanglement,L ↦ L + β·Braid(L),0,braid,0,ν(⋈) = ◬,Z-braid entanglement,23,
⚤,Duality/Conjugation,"L ↦ L* (adjoint), Φ ↦ (F, I, T)",swap,conjugate,swap,ν(⚤) = ⚤ (involutive),Dual protected manifold,23,
=,Collapse/Fixed Point,"L ↦ ν(L), Φ ↦ proj(Φ)",project,kill,0,ν(=) = = (idempotent),Fixed-point attractor,23,
⊤,Attractor/Top,"L ↦ Π₁(L), T ↦ 1",project₁,kill,0,ν(⊤) = ⊤,Global attractor point,23,
φ,Golden Ratio Scaling,"L ↦ φ·L, spectral scaling",scale,scale,scale,ν ∘ φ = φ ∘ ν (commute),Z-protected scaling mode,24,
Φ,Flux Operator,L ↦ L + ∇×A (curl perturbation),0,+flux,0,ν ∘ Φ = Φ ∘ ν (commute),Z2-protected flux topological state,24,
⊣̸,Irreversible Separation,"L ↦ L + A_skew, ν ↦ ν·(1-ε)",0,+asym,+gap,ν(⊣̸) = ⊥,Non-Hermitian Exceptional Point (EP2),24,
⊥̸,Torsion Injection,"L ↦ L + τ·Hodge₁, I ↦ I + η",0,+torsion,0,ν(⊥̸) = ⊥̸⊥̸... (limit cycle),Hopf Link Exception (HLE),24,
⋈,Braid/Entanglement,L ↦ L + β·Braid(L),0,braid,0,ν(⋈) = ◬,Braided Exceptional Line (BEL),24,
⚤,Duality/Conjugation,"L ↦ L* (adjoint), Φ ↦ (F, I, T)",swap,conjugate,swap,ν(⚤) = ⚤,Chiral symmetry HEP,24,
φ,Golden Ratio Scaling,"L ↦ φ·L, spectral scaling",scale,scale,scale,ν ∘ φ = φ ∘ ν (commute),Z-invariant scaling point,User Table Description,
Φ,Flux Operator,L ↦ L + ∇×A (curl perturbation),0,+flux,0,Φ ∘ φ = φ ∘ Φ (commute),H1-type Hopf Exceptional Point,User Table Description,
⊣̸,Irreversible Separation,"L ↦ L + A_skew, ν ↦ ν·(1-ε)",0,+asym,+gap,ν(⊣̸) = ⊥,Non-Hermitian Z2 skin effect,User Table Description,
⊤̸,Attractor Fragmentation,"L ↦ L - Π₁(L), ν ↦ ν⊥",-rank,+dim,0,⊤̸ ∘ = = ⊥̸,Higher-order exceptional string,User Table Description,
⊥̸,Torsion Injection,"L ↦ L + τ·Hodge₁, I ↦ I + η",0,+torsion,0,ν(⊥̸) = ⊥̸⊥̸... (limit cycle),Torsion-protected nodal line,User Table Description,
≠,Spectral Shear,L ↦ L + κ·(v₁v₁ᵀ - v₂v₂ᵀ),split,shear,0,≠ ∘ ⊢ = ⊤̸,DIII-class topological shear,User Table Description,
◬,Quadrature/Phase Lock,L ↦ L + γ·(L⊗L)₁,lock,phase,0,◬ ∘ ≠ = ⊥̸,U(1) phase-locked exceptional point,User Table Description,
⚤,Duality/Conjugation,"L ↦ L* (adjoint), Φ ↦ (F, I, T)",swap,conjugate,swap,ν(⚤) = ⚤ (involutive),C-symmetric adjoint HEP,User Table Description,
=,Collapse/Fixed Point,"L ↦ ν(L), Φ ↦ proj(Φ)",project,kill,0,ν(=) = = (idempotent),Fixed-point attractor manifold,User Table Description,
⊢,Forward Derivation,"L ↦ e^{-tL}, T ↦ T + ∇·flux",diffuse,advect,0,⊥ ∘ ⊢ = =,Evolutionary semigroup HEP,User Table Description,
⊥,Boundary/Contradiction,"L ↦ L + ∂∂*, F ↦ F + δ",0,0,+boundary,⚤ ∘ ⊤ = ⊥,Boundary-localized HEP,User Table Description,
⊤,Attractor/Top,"L ↦ Π₁(L), T ↦ 1",project₁,kill,0,ν(⊤) = ⊤,Topological rank-1 attractor,User Table Description,
φ,Golden Ratio Scaling,"L ↦ φ·L, spectral scaling",scale,scale,scale,ν ∘ φ = φ ∘ ν (commute),Z-invariant scaling / Exceptional Point expansion,User Table Description,
Φ,Flux Operator,L ↦ L + ∇×A (curl perturbation),0,+flux,0,Φ ∘ φ = φ ∘ Φ (commute),Z2 protected chiral edge state,User Table Description,
⊣̸,Irreversible Separation,"L ↦ L + A_skew, ν ↦ ν·(1-ε)",0,+asym,+gap,ν(⊣̸) = ⊥ (grounds in contradiction),Non-Hermitian skin effect / Point gap,User Table Description,
⊤̸,Attractor Fragmentation,"L ↦ L - Π₁(L), ν ↦ ν⊥",-rank,+dim,0,⊤̸ ∘ = = ⊥̸,Exceptional ring / Attractor bifurcation,User Table Description,
⊥̸,Torsion Injection,"L ↦ L + τ·Hodge₁, I ↦ I + η",0,+torsion,0,ν(⊥̸) = ⊥̸⊥̸... (limit cycle limit),Hopf Link / Braided Exceptional Line,User Table Description,
⊬,Non-Derivability,L ↦ L\,"_{ker(Reach)}, ν ↦ 0",0,0,+dim,Destroys fixed point (ν ↦ 0),Topological obstruction / Higher-order EP,User Table Description
≠,Spectral Shear,L ↦ L + κ·(v₁v₁ᵀ - v₂v₂ᵀ),split,shear,0,≠ ∘ ⊢ = ⊤̸,EP2 (Exceptional Point of order 2),User Table Description,
⋈,Braid/Entanglement,L ↦ L + β·Braid(L),0,braid,0,ν(⋈) = ◬ (locks to phase),Non-Abelian braid group / Knot invariant,User Table Description,
◬,Quadrature/Phase Lock,L ↦ L + γ·(L⊗L)₁,lock,phase,0,◬ ∘ ≠ = ⊥̸,Limit cycle attractor / Phase synchronization,User Table Description,
⚤,Duality/Conjugation,"L ↦ L* (adjoint), Φ ↦ (F, I, T)",swap,conjugate,swap,ν(⚤) = ⚤ (involutive),PT-symmetry / Reciprocity operator,User Table Description,
⊣,Backward Generation,"L ↦ Lᵀ, T ↦ T - ∇·flux",diffuseᵀ,advectᵀ,0,⚤ ∘ ⊢ = ⊣,Time-reversal symmetry / Adjoint flow,User Table Description,
⊢,Forward Derivation,"L ↦ e^{-tL}, T ↦ T + ∇·flux",diffuse,advect,0,⚤ ∘ ⊣ = ⊢,Evolution operator / Heat kernel,User Table Description,
⊥,Boundary/Contradiction,"L ↦ L + ∂∂*, F ↦ F + δ",0,0,+boundary,⊥ ∘ ⊢ = =,Hopf surface / Source-sink obstruction,User Table Description,
⊤,Attractor/Top,"L ↦ Π₁(L), T ↦ 1",project₁,kill,0,ν(⊤) = ⊤ (fixed),Universal sink / Global attractor,User Table Description,
=,Collapse/Fixed Point,"L ↦ ν(L), Φ ↦ proj(Φ)",project,kill,0,ν(=) = = (idempotent),Idempotent state / CTMU identity,User Table Description,
φ,Golden Ratio Scaling,"L ↦ φ·L, spectral scaling",scale,scale,scale,ν ∘ φ = φ ∘ ν (commute),Z-protected trivial scaling,25,
Φ,Flux Operator,L ↦ L + ∇×A (curl perturbation),0,+flux,0,Φ ∘ φ = φ ∘ Φ (commute),Z-protected 1D winding,25,
⊣̸,Irreversible Separation,"L ↦ L + A_skew, ν ↦ ν·(1-ε)",0,+asym,+gap,ν(⊣̸) = ⊥,Z2-protected dissipative gap,25,
⊤̸,Attractor Fragmentation,"L ↦ L - Π₁(L), ν ↦ ν⊥",-rank,+dim,0,⊤̸ ∘ = = ⊥̸,Z-protected rank-deficiency HEP,25,
⊥̸,Torsion Injection,"L ↦ L + τ·Hodge₁, I ↦ I + η",0,+torsion,0,ν(⊥̸) = ⊥̸⊥̸... (limit cycle),Z2-protected torsional HEP,25,
⊬,Non-Derivability,L ↦ L\,"_{ker(Reach)}, ν ↦ 0",0,0,+dim,ν = 0,Trivial (Zero-point),25
≠,Spectral Shear,L ↦ L + κ·(v₁v₁ᵀ - v₂v₂ᵀ),split,shear,0,≠ ∘ ⊢ = ⊤̸,Z-protected EP2,25,
⋈,Braid/Entanglement,L ↦ L + β·Braid(L),0,braid,0,ν(⋈) = ◬,Z-protected non-Abelian HEP,25,
◬,Quadrature/Phase Lock,L ↦ L + γ·(L⊗L)₁,lock,phase,0,◬ ∘ ≠ = ⊥̸,Z2-protected phase-locked HEP,25,
⚤,Duality/Conjugation,"L ↦ L* (adjoint), Φ ↦ (F, I, T)",swap,conjugate,swap,ν(⚤) = ⚤,Z2-protected PT-symmetric HEP,25,
=,Collapse/Fixed Point,"L ↦ ν(L), Φ ↦ proj(Φ)",project,kill,0,ν(=) = =,Z-protected trivial attractor,25,
⊢,Forward Derivation,"L ↦ e^{-tL}, T ↦ T + ∇·flux",diffuse,advect,0,⊥ ∘ ⊢ = =,Z-protected diffusion manifold,25,
⊥,Boundary/Contradiction,"L ↦ L + ∂∂*, F ↦ F + δ",0,0,+boundary,⚤ ∘ ⊤ = ⊥,Z2-protected topological boundary,25,
⊤,Attractor/Top,"L ↦ Π₁(L), T ↦ 1",project₁,kill,0,ν(⊤) = ⊤,Z-protected maximal attractor,25,
⊣,Backward Generation,"L ↦ Lᵀ, T ↦ T - ∇·flux",diffuseᵀ,advectᵀ,0,⚤ ∘ ⊢ = ⊣,Z-protected time-reversed manifold,25,
φ,Golden Ratio Scaling,"L ↦ φ·L, spectral scaling",scale,scale,scale,ν ∘ φ = φ ∘ ν (commute),Z-protected scaling invariant,26,
Φ,Flux Operator,L ↦ L + ∇×A (curl perturbation),0,+flux,0,Φ ∘ φ = φ ∘ Φ (commute),Z2-protected chiral HEP,26,
⊤̸,Attractor Fragmentation,"L ↦ L - Π₁(L), ν ↦ ν⊥",-rank,+dim,0,⊤̸ ∘ = = ⊥̸,Dimensionally unstable HEP,26,
⊥̸,Torsion Injection,"L ↦ L + τ·Hodge₁, I ↦ I + η",0,+torsion,0,ν(⊥̸) = ⊥̸⊥̸... (limit cycle),Z-invariant torsion HEP,26,
⊬,Non-Derivability,L ↦ L\,"_{ker(Reach)}, ν ↦ 0",0,0,+dim,ν(⊬) = 0,Obstruction-based HEP,26
≠,Spectral Shear,L ↦ L + κ·(v₁v₁ᵀ - v₂v₂ᵀ),split,shear,0,≠ ∘ ⊢ = ⊤̸,Shear-induced Z2 HEP,26,
⋈,Braid/Entanglement,L ↦ L + β·Braid(L),0,braid,0,ν(⋈) = ◬,Braided multi-HEP,26,
◬,Quadrature/Phase Lock,L ↦ L + γ·(L⊗L)₁,lock,phase,0,⋈ ∘ ⋈ = ◬,Phase-locked Z-HEP,26,
⚤,Duality/Conjugation,"L ↦ L* (adjoint), Φ ↦ (F, I, T)",swap,conjugate,swap,ν(⚤) = ⚤ (involutive),Adjoint symmetry HEP,26,
⊢,Forward Derivation,"L ↦ e^{-tL}, T ↦ T + ∇·flux",diffuse,advect,0,⊥ ∘ ⊢ = =,Diffusion-advection HEP,26,
⊥,Boundary/Contradiction,"L ↦ L + ∂∂*, F ↦ F + δ",0,0,+boundary,⚤ ∘ ⊤ = ⊥,Topological boundary HEP,26,
⊤,Attractor/Top,"L ↦ Π₁(L), T ↦ 1",project₁,kill,0,ν(⊤) = ⊤,Stable attractor HEP,26,
Φ,Flux Operator,L ↦ L + ∇×A (curl perturbation),0,+flux,0,Φ ∘ φ = φ ∘ Φ (commute),Z2-protected flux transition,"Table 2, Section 3, Section 6",
⊣̸,Irreversible Separation,"L ↦ L + A_skew, ν ↦ ν·(1-ε)",0,+asym,+gap,ν(⊣̸) = ⊥,Exceptional Point (EP2) bifurcation,"Table 2, Section 3, Section 4",
⊤̸,Attractor Fragmentation,"L ↦ L - Π₁(L), ν ↦ ν⊥",-rank,+dim,0,⊤̸ ∘ = = ⊥̸,Hopf Link topological transition,"Table 2, Section 3, Section 6",
⊥̸,Torsion Injection,"L ↦ L + τ·Hodge₁, I ↦ I + η",0,+torsion,0,ν(⊥̸) = ⊥̸⊥̸... (limit cycle),Chern-simons torsion phase,"Table 2, Section 3, Section 4",
⊬,Non-Derivability,L ↦ L\,"_{ker(Reach)}, ν ↦ 0",0,0,+dim,ν ↦ 0,Coker-bound obstruction,"Table 2, Section 3"
≠,Spectral Shear,L ↦ L + κ·(v₁v₁ᵀ - v₂v₂ᵀ),split,shear,0,≠ ∘ ⊢ = ⊤̸,Shear-induced EP3,"Table 2, Section 3, Section 6",
⋈,Braid/Entanglement,L ↦ L + β·Braid(L),0,braid,0,ν(⋈) = ◬,Non-Abelian braid invariant,"Table 2, Section 3, Section 4",
◬,Quadrature/Phase Lock,L ↦ L + γ·(L⊗L)₁,lock,phase,0,◬ ∘ ≠ = ⊥̸,Phase-locked Hopf insulator,"Table 2, Section 3, Section 6",
⚤,Duality/Conjugation,"L ↦ L* (adjoint), Φ ↦ (F, I, T)",swap,conjugate,swap,ν(⚤) = ⚤ (involutive),Time-reversal symmetry operator,"Table 2, Section 3, Section 4",
=,Collapse/Fixed Point,"L ↦ ν(L), Φ ↦ proj(Φ)",project,kill,0,ν(=) = =,Wavefunction collapse to Z-state,"Table 2, Section 3, Section 4",
⊢,Forward Derivation,"L ↦ e^{-tL}, T ↦ T + ∇·flux",diffuse,advect,0,⊥ ∘ ⊢ = =,Heat kernel manifold flow,"Table 2, Section 3, Section 6",
⊥,Boundary/Contradiction,"L ↦ L + ∂∂*, F ↦ F + δ",0,0,+boundary,⚤ ∘ ⊤ = ⊥,Boundary-protected mode,"Table 2, Section 3, Section 6",
⊣,Backward Generation,"L ↦ Lᵀ, T ↦ T - ∇·flux",diffuseᵀ,advectᵀ,0,⚤ ∘ ⊢ = ⊣,Adjoint diffusion flow,"Table 2, Section 3, Section 6",
⊥̸,Torsion Injection,"L ↦ L + τ·Hodge₁, I ↦ I + η",0,+torsion,0,ν(⊥̸) = ⊥̸⊥̸... (limit cycle),Z2 Protected EP2/EP3,"Source_Description, 11, 42, 47, 50",
⋈,Braid/Entanglement,L ↦ L + β·Braid(L),0,braid,0,ν(⋈) = ◬,Artin Braid Group B3 / Z,"Source_Description, 9, 13, 16, 42",
⚤,Duality/Conjugation,"L ↦ L* (adjoint), Φ ↦ (F, I, T)",swap,conjugate,swap,ν(⚤) = ⚤,Anti-PT Symmetry,"Source_Description, 27, 56",
=,Collapse/Fixed Point,"L ↦ ν(L), Φ ↦ proj(Φ)",project,kill,0,ν(=) = =,Exceptional Nexus / EP3 Coalescence,"Source_Description, 16, 31, 40",
⊤̸,Attractor Fragmentation,"L ↦ L - Π₁(L), ν ↦ ν⊥",-rank,+dim,0,⊤̸ ∘ = = ⊥̸,HEP bifurcation,27,
⊬,Non-Derivability,L ↦ L\,"_{ker(Reach)}, ν ↦ 0",0,0,+dim,ν ↦ 0,Z-index obstruction,27
⋈,Braid/Entanglement,L ↦ L + β·Braid(L),0,braid,0,ν(⋈) = ◬ (locks to phase),Braid-group protected,27,
◬,Quadrature/Phase Lock,L ↦ L + γ·(L⊗L)₁,lock,phase,0,◬ ∘ ≠ = ⊥̸,Phase-locked HEP,27,
⚤,Duality/Conjugation,"L ↦ L* (adjoint), Φ ↦ (F, I, T)",swap,conjugate,swap,ν(⚤) = ⚤ (involutive),Z2 particle-hole symmetry,27,
⊣,Backward Generation,"L ↦ Lᵀ, T ↦ T - ∇·flux",diffuseᵀ,advectᵀ,0,⚤ ∘ ⊣ = ⊢,Time-reversal symmetry HEP,27,
⊢,Forward Derivation,"L ↦ e^{-tL}, T ↦ T + ∇·flux",diffuse,advect,0,⊥ ∘ ⊢ = =,Diffusion-limited HEP,27,
⊥,Boundary/Contradiction,"L ↦ L + ∂∂*, F ↦ F + δ",0,0,+boundary,⚤ ∘ ⊤ = ⊥,Boundary-protected state,27,
⊤,Attractor/Top,"L ↦ Π₁(L), T ↦ 1",project₁,kill,0,ν(⊤) = ⊤ (fixed),Topological insulator state,27,
=,Collapse/Fixed Point,"L ↦ ν(L), Φ ↦ proj(Φ)",project,kill,0,ν(=) = = (idempotent),Stable manifold sink,27,
φ,Golden Ratio Scaling,"L ↦ φ·L, spectral scaling",scale,scale,scale,ν ∘ φ = φ ∘ ν (commute),Z-invariant scalar HEP,User Description,
⊣̸,Irreversible Separation,"L ↦ L + A_skew, ν ↦ ν·(1-ε)",0,+asym,+gap,ν(⊣̸) = ⊥,Higher-order non-Hermitian skin effect,User Description,
⊥̸,Torsion Injection,"L ↦ L + τ·Hodge₁, I ↦ I + η",0,+torsion,0,ν(⊥̸) = ⊥̸⊥̸... (limit cycle),Z-protected topological torsion,User Description,
⋈,Braid/Entanglement,L ↦ L + β·Braid(L),0,braid,0,ν(⋈) = ◬,Non-Abelian braid exception,User Description,
⚤,Duality/Conjugation,"L ↦ L* (adjoint), Φ ↦ (F, I, T)",swap,conjugate,swap,ν(⚤) = ⚤,C-universality class symmetry,User Description,
=,Collapse/Fixed Point,"L ↦ ν(L), Φ ↦ proj(Φ)",project,kill,0,ν(=) = =,Trivial fixed point (stable),User Description,
⊤,Attractor/Top,"L ↦ Π₁(L), T ↦ 1",project₁,kill,0,ν(⊤) = ⊤,Maximum entropy state,User Description,
φ,Golden Ratio Scaling,"L ↦ φ·L, spectral scaling",scale,scale,scale,ν ∘ φ = φ ∘ ν (commute),Z-protected spectral dilation,28,
Φ,Flux Operator,L ↦ L + ∇×A (curl perturbation),0,+flux,0,ν ∘ Φ = Φ ∘ ν (commute),Z2-invariant magnetic monopole,28,
⊣̸,Irreversible Separation,"L ↦ L + A_skew, ν ↦ ν·(1-ε)",0,+asym,+gap,ν(⊣̸) = ⊥ (grounds in contradiction),Non-Hermitian exceptional line,28,
⊤̸,Attractor Fragmentation,"L ↦ L - Π₁(L), ν ↦ ν⊥",-rank,+dim,0,Unstable singularity,Higher-order exceptional point,28,
⊥̸,Torsion Injection,"L ↦ L + τ·Hodge₁, I ↦ I + η",0,+torsion,0,ν(⊥̸) = ⊥̸⊥̸... (limit cycle),Hopf link invariant,28,
⊬,Non-Derivability,L ↦ L\,"_{ker(Reach)}, ν ↦ 0",0,0,+dim,Nullifies fixed points,Topological obstruction,28
≠,Spectral Shear,L ↦ L + κ·(v₁v₁ᵀ - v₂v₂ᵀ),split,shear,0,Symmetry breaking,Dirac point splitting,28,
⋈,Braid/Entanglement,L ↦ L + β·Braid(L),0,braid,0,ν(⋈) = ◬ (phase lock),Chern-Simons braiding,28,
◬,Quadrature/Phase Lock,L ↦ L + γ·(L⊗L)₁,lock,phase,0,Stable synchronization,Phase-protected HEP,28,
⚤,Duality/Conjugation,"L ↦ L* (adjoint), Φ ↦ (F, I, T)",swap,conjugate,swap,ν(⚤) = ⚤ (involutive),Kramers duality invariant,28,
=,Collapse/Fixed Point,"L ↦ ν(L), Φ ↦ proj(Φ)",project,kill,0,ν(=) = =,Trivial topological vacuum,28,
⊢,Forward Derivation,"L ↦ e^{-tL}, T ↦ T + ∇·flux",diffuse,advect,0,Asymptotic stability,Flow-induced HEP,28,
⊥,Boundary/Contradiction,"L ↦ L + ∂∂*, F ↦ F + δ",0,0,+boundary,Absorbing boundary,Bulk-boundary correspondence,28,
⊤,Attractor/Top,"L ↦ Π₁(L), T ↦ 1",project₁,kill,0,ν(⊤) = ⊤,Universal attractor class,28,
⊣,Backward Generation,"L ↦ Lᵀ, T ↦ T - ∇·flux",diffuseᵀ,advectᵀ,0,Time-reversed stability,Reciprocity-protected HEP,28,
⊤̸,Attractor Fragmentation,"L ↦ L - Π₁(L), ν ↦ ν⊥",-rank,+dim,0,Not in source,Exceptional ring formation,2,
⊬,Non-Derivability,L ↦ L\,"_{ker(Reach)}, ν ↦ 0",0,0,+dim,Not in source,Topological obstruction,2
≠,Spectral Shear,L ↦ L + κ·(v₁v₁ᵀ - v₂v₂ᵀ),split,shear,0,Not in source,Z-type braiding,2,
◬,Quadrature/Phase Lock,L ↦ L + γ·(L⊗L)₁,lock,phase,0,Not in source,Quadrature phase lock,2,
⊢,Forward Derivation,"L ↦ e^{-tL}, T ↦ T + ∇·flux",diffuse,advect,0,Not in source,Diffusion gradient,2,
⊥,Boundary/Contradiction,"L ↦ L + ∂∂*, F ↦ F + δ",0,0,+boundary,Not in source,Homological boundary,2,
⊣,Backward Generation,"L ↦ Lᵀ, T ↦ T - ∇·flux",diffuseᵀ,advectᵀ,0,Not in source,Time-reversal symmetry,2,
⊤̸,Attractor Fragmentation,"L ↦ L - Π₁(L), ν ↦ ν⊥",-rank,+dim,0,Not in source,High-order fragmentation exceptional point with rank reduction,Source_Number,
⊬,Non-Derivability,L ↦ L\,"_{ker(Reach)}, ν ↦ 0",0,0,+dim,Not in source,Kernel-restricted singular exceptional point,Source_Number
≠,Spectral Shear,L ↦ L + κ·(v₁v₁ᵀ - v₂v₂ᵀ),split,shear,0,Not in source,Shear-induced spectral bifurcation point,Source_Number,
◬,Quadrature/Phase Lock,L ↦ L + γ·(L⊗L)₁,lock,phase,0,Not in source,Phase-locked quadrature singularity,Source_Number,
⊢,Forward Derivation,"L ↦ e^{-tL}, T ↦ T + ∇·flux",diffuse,advect,0,Not in source,Diffusion-advection flow exceptional point,Source_Number,
⊥,Boundary/Contradiction,"L ↦ L + ∂∂*, F ↦ F + δ",0,0,+boundary,Not in source,Boundary-induced topological contradiction point,Source_Number,
⊣,Backward Generation,"L ↦ Lᵀ, T ↦ T - ∇·flux",diffuseᵀ,advectᵀ,0,Not in source,Time-reversed generative exceptional point,Source_Number,
φ,Golden Ratio Scaling,"L ↦ φ·L, spectral scaling",scale,scale,scale,Not in source,"HEPd=1, Z",User Description,
Φ,Flux Operator,L ↦ L + ∇×A (curl perturbation),0,+flux,0,Not in source,"HEPd=2, Z",User Description,
⊤̸,Attractor Fragmentation,"L ↦ L - Π₁(L), ν ↦ ν⊥",-rank,+dim,0,Not in source,"HEPd=2, Z2",User Description,
⊬,Non-Derivability,L ↦ L\,"_{ker(Reach)}, ν ↦ 0",0,0,+dim,Not in source,"HEPd=1, Z2",User Description
≠,Spectral Shear,L ↦ L + κ·(v₁v₁ᵀ - v₂v₂ᵀ),split,shear,0,Not in source,"HEPd=2, Z",User Description,
◬,Quadrature/Phase Lock,L ↦ L + γ·(L⊗L)₁,lock,phase,0,Not in source,"HEPd=1, Z",User Description,
⊢,Forward Derivation,"L ↦ e^{-tL}, T ↦ T + ∇·flux",diffuse,advect,0,Not in source,"HEPd=3, Z",User Description,
⊥,Boundary/Contradiction,"L ↦ L + ∂∂*, F ↦ F + δ",0,0,+boundary,Not in source,"HEPd=2, Z",User Description,
⊣,Backward Generation,"L ↦ Lᵀ, T ↦ T - ∇·flux",diffuseᵀ,advectᵀ,0,Not in source,"HEPd=3, Z",User Description,
⊤̸,Attractor Fragmentation,"L ↦ L - Π₁(L), ν ↦ ν⊥",-rank,+dim,0,Not in source,Bifurcation into multifold HEPs,User Table Description,
⊬,Non-Derivability,L ↦ L\,"_{ker(Reach)}, ν ↦ 0",0,0,+dim,Not in source,Obstruction-based spectral gap,User Table Description
≠,Spectral Shear,L ↦ L + κ·(v₁v₁ᵀ - v₂v₂ᵀ),split,shear,0,Not in source,Exceptional point of order 2,User Table Description,
◬,Quadrature/Phase Lock,L ↦ L + γ·(L⊗L)₁,lock,phase,0,Not in source,Limit cycle stable attractor,User Table Description,
⊢,Forward Derivation,"L ↦ e^{-tL}, T ↦ T + ∇·flux",diffuse,advect,0,Not in source,Dynamical evolution towards HEP,User Table Description,
⊥,Boundary/Contradiction,"L ↦ L + ∂∂*, F ↦ F + δ",0,0,+boundary,Not in source,Topological defect / obstruction,User Table Description,
⊣,Backward Generation,"L ↦ Lᵀ, T ↦ T - ∇·flux",diffuseᵀ,advectᵀ,0,Not in source,Time-reversal symmetry operation,User Table Description,
φ,Golden Ratio Scaling,"L ↦ φ·L, spectral scaling",scale,scale,scale,Not in source,Z-protected multifold EP,NEW SOURCE,
Φ,Flux Operator,L ↦ L + ∇×A (curl perturbation),0,+flux,0,Not in source,3D Hopf Exceptional Point,NEW SOURCE,
⊤̸,Attractor Fragmentation,"L ↦ L - Π₁(L), ν ↦ ν⊥",-rank,+dim,0,Not in source,Exceptional Surface Decomposition,NEW SOURCE,
⊬,Non-Derivability,L ↦ L\,"_{ker(Reach)}, ν ↦ 0",0,0,+dim,Not in source,Obstruction Class EP,NEW SOURCE
≠,Spectral Shear,L ↦ L + κ·(v₁v₁ᵀ - v₂v₂ᵀ),split,shear,0,Not in source,Z-invariant Exceptional Line,NEW SOURCE,
◬,Quadrature/Phase Lock,L ↦ L + γ·(L⊗L)₁,lock,phase,0,Not in source,Coalesced Mode HEP,NEW SOURCE,
⊢,Forward Derivation,"L ↦ e^{-tL}, T ↦ T + ∇·flux",diffuse,advect,0,Not in source,Dissipative Flow EP,NEW SOURCE,
⊥,Boundary/Contradiction,"L ↦ L + ∂∂*, F ↦ F + δ",0,0,+boundary,Not in source,Boundary-induced EP,NEW SOURCE,
⊣,Backward Generation,"L ↦ Lᵀ, T ↦ T - ∇·flux",diffuseᵀ,advectᵀ,0,Not in source,Reverse Stochastic EP,NEW SOURCE,
φ,Golden Ratio Scaling,"L ↦ φ·L, spectral scaling",scale,scale,scale,Not in source,Z-invariant scaling point,3,
Φ,Flux Operator,L ↦ L + ∇×A (curl perturbation),0,+flux,0,Not in source,HEP-1 (Line-node exceptional string),3,
⊤̸,Attractor Fragmentation,"L ↦ L - Π₁(L), ν ↦ ν⊥",-rank,+dim,0,Not in source,Z2-topological fragmentation,3,
⊬,Non-Derivability,L ↦ L\,"_{ker(Reach)}, ν ↦ 0",0,0,+dim,Not in source,Hopf Link Obstruction,3
≠,Spectral Shear,L ↦ L + κ·(v₁v₁ᵀ - v₂v₂ᵀ),split,shear,0,Not in source,HEP-2 (Exceptional point bifurcation),3,
◬,Quadrature/Phase Lock,L ↦ L + γ·(L⊗L)₁,lock,phase,0,Not in source,HEP-4 (4-fold exceptional degeneracy),3,
⊢,Forward Derivation,"L ↦ e^{-tL}, T ↦ T + ∇·flux",diffuse,advect,0,Not in source,Dynamic EP trajectory,3,
⊥,Boundary/Contradiction,"L ↦ L + ∂∂*, F ↦ F + δ",0,0,+boundary,Not in source,Nodal boundary HEP,3,
⊣,Backward Generation,"L ↦ Lᵀ, T ↦ T - ∇·flux",diffuseᵀ,advectᵀ,0,Not in source,Time-reversed EP flow,3,
⊤̸,Attractor Fragmentation,"L ↦ L - Π₁(L), ν ↦ ν⊥",-rank,+dim,0,Not in source,Multifold EP collapse,4,
⊬,Non-Derivability,L ↦ L\,"_{ker(Reach)}, ν ↦ 0",0,0,+dim,Not in source,Exceptional line obstruction,4
≠,Spectral Shear,L ↦ L + κ·(v₁v₁ᵀ - v₂v₂ᵀ),split,shear,0,Not in source,EP2 splitting / Braiding,4,
◬,Quadrature/Phase Lock,L ↦ L + γ·(L⊗L)₁,lock,phase,0,Not in source,Steady-state phase singularity,4,
⊢,Forward Derivation,"L ↦ e^{-tL}, T ↦ T + ∇·flux",diffuse,advect,0,Not in source,Dynamical evolution path to EP,4,
⊥,Boundary/Contradiction,"L ↦ L + ∂∂*, F ↦ F + δ",0,0,+boundary,Not in source,Topological skin effect,4,
⊣,Backward Generation,"L ↦ Lᵀ, T ↦ T - ∇·flux",diffuseᵀ,advectᵀ,0,Not in source,Time-reversal mapping,4,
⊬,Non-Derivability,L ↦ L\,"_{ker(Reach)}, ν ↦ 0",0,0,+dim,Not in source,Z-protected 2D HEP (Obstruction Plane),User Table Description
⊬,Non-Derivability,L ↦ L\,"_{ker(Reach)}, ν ↦ 0",0,0,+dim,Not in source,Obstruction class / Z,User Description
φ,Golden Ratio Scaling,"L ↦ φ·L, spectral scaling",scale,scale,scale,Not in source,Z-invariant 1D EP (Spectral Scaling),User Description,
Φ,Flux Operator,L ↦ L + ∇×A (curl perturbation),0,+flux,0,Not in source,Z2-invariant Hopf Link (Flux/Curl),User Description,
⊤̸,Attractor Fragmentation,"L ↦ L - Π1(L), ν ↦ ν⊥",-rank,+dim,0,Not in source,Hopf Surface Fragmentation (Lower Rank),User Description,
⊬,Non-Derivability,L ↦ L\,"_{ker(Reach)}, ν ↦ 0",0,0,+dim,Not in source,Obstruction-based Higher EP,User Description
≠,Spectral Shear,L ↦ L + κ·(v₁v₁ᵀ - v₂v₂ᵀ),split,shear,0,Not in source,Non-Hermitian Shear EP,User Description,
◬,Quadrature/Phase Lock,L ↦ L + γ·(L⊗L)₁,lock,phase,0,Not in source,Z2-protected Phase Lock (Quadrature),User Description,
⊣,Backward Generation,"L ↦ Lᵀ, T ↦ T - ∇·flux",diffuseᵀ,advectᵀ,0,Not in source,Time-Reversed Advection-Diffusion,User Description,
⊢,Forward Derivation,"L ↦ e^{-tL}, T ↦ T + ∇·flux",diffuse,advect,0,Not in source,Diffusion-limited EP,User Description,
⊥,Boundary/Contradiction,"L ↦ L + ∂∂*, F ↦ F + δ",0,0,+boundary,Not in source,Cohomological Boundary Obstruction,User Description,
≠,Spectral Shear,L ↦ L + κ·(v₁v₁ᵀ - v₂v₂ᵀ),split,shear,0,Not in source,"Exceptional line splitting, Z-protected shears",User Table Description,
◬,Quadrature/Phase Lock,L ↦ L + γ·(L⊗L)₁,lock,phase,0,Not in source,"Coherent exceptional state, Z-invariant phase stability",User Table Description,
⊢,Forward Derivation,"L ↦ e^{-tL}, T ↦ T + ∇·flux",diffuse,advect,0,Not in source,"Diffusion-limited exceptional trajectory, Z-invariant",User Table Description,
⊥,Boundary/Contradiction,"L ↦ L + ∂∂*, F ↦ F + δ",0,0,+boundary,Not in source,"Exceptional surface, Z2-stable boundary state",User Table Description,
⊣,Backward Generation,"L ↦ Lᵀ, T ↦ T - ∇·flux",diffuseᵀ,advectᵀ,0,Not in source,"Time-reversed exceptional mode, Z-invariant",User Table Description,
⊤̸,Attractor Fragmentation,"L ↦ L - Π₁(L), ν ↦ ν⊥",-rank,+dim,0,Not in source,Defective eigenvalue bifurcation,5,
⊬,Non-Derivability,L ↦ L\,"_{ker(Reach)}, ν ↦ 0",0,0,+dim,Not in source,Topological insulator boundary state,5
≠,Spectral Shear,L ↦ L + κ·(v₁v₁ᵀ - v₂v₂ᵀ),split,shear,0,Not in source,Exceptional surface/Weyl point,5,
◬,Quadrature/Phase Lock,L ↦ L + γ·(L⊗L)₁,lock,phase,0,Not in source,Phase-locked loop attractor,5,
⊣,Backward Generation,"L ↦ Lᵀ, T ↦ T - ∇·flux",diffuseᵀ,advectᵀ,0,Not in source,Adjoint flux HEP,5,
⊢,Forward Derivation,"L ↦ e^{-tL}, T ↦ T + ∇·flux",diffuse,advect,0,Not in source,Propagator/transfer matrix HEP,5,
⊥,Boundary/Contradiction,"L ↦ L + ∂∂*, F ↦ F + δ",0,0,+boundary,Not in source,Singular boundary EP,5,
φ,Golden Ratio Scaling,"L ↦ φ·L, spectral scaling",scale,scale,scale,Not in source,Scale-invariant multifold point (Z),,
Φ,Flux Operator,L ↦ L + ∇×A (curl perturbation),0,+flux,0,Not in source,HEPs with non-zero Chern invariant (Z),,
⊤̸,Attractor Fragmentation,"L ↦ L - Π₁(L), ν ↦ ν⊥",-rank,+dim,0,Not in source,Unstable singularity with Z2 invariant,,
⊬,Non-Derivability,L ↦ L\,"_{ker(Reach)}, ν ↦ 0",0,0,+dim,Not in source,High-codimension obstruction point,
≠,Spectral Shear,L ↦ L + κ·(v₁v₁ᵀ - v₂v₂ᵀ),split,shear,0,Not in source,Parity-time (PT) broken HEP (Z2),,
◬,Quadrature/Phase Lock,L ↦ L + γ·(L⊗L)₁,lock,phase,0,Not in source,Phase-locked exceptional surface,,
⊢,Forward Derivation,"L ↦ e^{-tL}, T ↦ T + ∇·flux",diffuse,advect,0,Not in source,Dynamic EP with flow topology,,
⊥,Boundary/Contradiction,"L ↦ L + ∂∂*, F ↦ F + δ",0,0,+boundary,Not in source,Boundary-protected EP (Z),,
⊣,Backward Generation,"L ↦ Lᵀ, T ↦ T - ∇·flux",diffuseᵀ,advectᵀ,0,Not in source,Adjoint-flow HEP symmetry,,
⊤̸,Attractor Fragmentation,"L ↦ L - Π₁(L), ν ↦ ν⊥",-rank,+dim,0,Not in source,Higher-order exceptional point with reduced rank-invariant.,Source_User_Description,
⊬,Non-Derivability,L ↦ L\,"_{ker(Reach)}, ν ↦ 0",0,0,+dim,Not in source,Topological obstruction point with H2-gap protection.,Source_User_Description
≠,Spectral Shear,L ↦ L + κ·(v₁v₁ᵀ - v₂v₂ᵀ),split,shear,0,Not in source,Birefringent exceptional point with Z2 protection.,Source_User_Description,
◬,Quadrature/Phase Lock,L ↦ L + γ·(L⊗L)₁,lock,phase,0,Not in source,Phase-locked stationary state (limit cycle).,Source_User_Description,
⊢,Forward Derivation,"L ↦ e^{-tL}, T ↦ T + ∇·flux",diffuse,advect,0,Not in source,Evolution operator towards steady-state HEP.,Source_User_Description,
⊥,Boundary/Contradiction,"L ↦ L + ∂∂*, F ↦ F + δ",0,0,+boundary,Not in source,Homological boundary exceptional point.,Source_User_Description,
⊣,Backward Generation,"L ↦ Lᵀ, T ↦ T - ∇·flux",diffuseᵀ,advectᵀ,0,Not in source,Time-reversed generative manifold.,Source_User_Description,
⊤̸,Attractor Fragmentation,"L ↦ L - Π₁(L), ν ↦ ν⊥",-rank,+dim,0,Not in source,Z: Fragile Topology Point,6,
≠,Spectral Shear,L ↦ L + κ·(v₁v₁ᵀ - v₂v₂ᵀ),split,shear,0,Not in source,Z: Shear-induced Symmetry Breaking,6,
◬,Quadrature/Phase Lock,L ↦ L + γ·(L⊗L)₁,lock,phase,0,Not in source,Z2: Phase-locked HEP,6,
⊢,Forward Derivation,"L ↦ e^{-tL}, T ↦ T + ∇·flux",diffuse,advect,0,Not in source,Z: Dissipative Flow HEP,6,
⊥,Boundary/Contradiction,"L ↦ L + ∂∂*, F ↦ F + δ",0,0,+boundary,Not in source,Z2: Topological Boundary HEP,6,
⊣,Backward Generation,"L ↦ Lᵀ, T ↦ T - ∇·flux",diffuseᵀ,advectᵀ,0,Not in source,Z: Time-Reversed HEP,6,
Φ,Flux Operator,L ↦ L + ∇×A (curl perturbation),0,+flux,0,Not in source,Z2-protected chiral flux point,7,
⊤̸,Attractor Fragmentation,"L ↦ L - Π₁(L), ν ↦ ν⊥",-rank,+dim,0,Not in source,Topological defect at nodal point,7,
≠,Spectral Shear,L ↦ L + κ·(v₁v₁ᵀ - v₂v₂ᵀ),split,shear,0,Not in source,Sheared Dirac exceptional point,7,
◬,Quadrature/Phase Lock,L ↦ L + γ·(L⊗L)₁,lock,phase,0,Not in source,Stationary phase exceptional point,7,
⊢,Forward Derivation,"L ↦ e^{-tL}, T ↦ T + ∇·flux",diffuse,advect,0,Not in source,Diffusion-limited nodal point,7,
⊥,Boundary/Contradiction,"L ↦ L + ∂∂*, F ↦ F + δ",0,0,+boundary,Not in source,Higher-order boundary EP,7,
⊣,Backward Generation,"L ↦ Lᵀ, T ↦ T - ∇·flux",diffuseᵀ,advectᵀ,0,Not in source,Time-reversed nodal point,7,
⊣,Backward Generation,"L ↦ Lᵀ, T ↦ T - ∇·flux",diffuseᵀ,advectᵀ,0,Not in source,Adjoint flux symmetry,8,
⊢,Forward Derivation,"L ↦ e^{-tL}, T ↦ T + ∇·flux",diffuse,advect,0,Not in source,Diffusive decay propagation,8,
⊥,Boundary/Contradiction,"L ↦ L + ∂∂*, F ↦ F + δ",0,0,+boundary,Not in source,H2-obstruction/Boundary attractor,8,
≠,Spectral Shear,L ↦ L + κ·(v₁v₁ᵀ - v₂v₂ᵀ),split,shear,0,Not in source,HEP-2 (Shear-induced),9,
⊢,Forward Derivation,"L ↦ e^{-tL}, T ↦ T + ∇·flux",diffuse,advect,0,Not in source,Advective exceptional flow,9,
⊥,Boundary/Contradiction,"L ↦ L + ∂∂*, F ↦ F + δ",0,0,+boundary,Not in source,HEP-3 (Boundary obstruction),9,
⊣,Backward Generation,"L ↦ Lᵀ, T ↦ T - ∇·flux",diffuseᵀ,advectᵀ,0,Not in source,Time-reversed exceptional flow,9,
⊤̸,Attractor Fragmentation,"L ↦ L - Π₁(L), ν ↦ ν⊥",-rank,+dim,0,Not in source,Z-protected H0 rank reduction,10,
≠,Spectral Shear,L ↦ L + κ·(v₁v₁ᵀ - v₂v₂ᵀ),split,shear,0,Not in source,Z-protected shear invariant,10,
◬,Quadrature/Phase Lock,L ↦ L + γ·(L⊗L)₁,lock,phase,0,Not in source,Z-protected phase lock,10,
⊣,Backward Generation,"L ↦ Lᵀ, T ↦ T - ∇·flux",diffuseᵀ,advectᵀ,0,Not in source,Z-protected time-reversal,10,
⊢,Forward Derivation,"L ↦ e^{-tL}, T ↦ T + ∇·flux",diffuse,advect,0,Not in source,Z-protected diffusion,10,
⊥,Boundary/Contradiction,"L ↦ L + ∂∂*, F ↦ F + δ",0,0,+boundary,Not in source,Z2-protected boundary mode,10,
⊤̸,Attractor Fragmentation,"L ↦ L - Π₁(L), ν ↦ ν⊥",-rank,+dim,0,Not in source,Unstable singularity point,11,
≠,Spectral Shear,L ↦ L + κ·(v₁v₁ᵀ - v₂v₂ᵀ),split,shear,0,Not in source,Shear-protected nodal line,11,
◬,Quadrature/Phase Lock,L ↦ L + γ·(L⊗L)₁,lock,phase,0,Not in source,Phase-locked synchronization point,11,
⊢,Forward Derivation,"L ↦ e^{-tL}, T ↦ T + ∇·flux",diffuse,advect,0,Not in source,Advection-diffusion HEP,11,
⊥,Boundary/Contradiction,"L ↦ L + ∂∂*, F ↦ F + δ",0,0,+boundary,Not in source,Topological boundary state,11,
⊣,Backward Generation,"L ↦ Lᵀ, T ↦ T - ∇·flux",diffuseᵀ,advectᵀ,0,Not in source,Time-reversal symmetry HEP,11,
⊤̸,Attractor Fragmentation,"L ↦ L - Π₁(L), ν ↦ ν⊥",-rank,+dim,0,Not in source,Higher-order Exceptional Point,12,
⊬,Non-Derivability,L ↦ L\,"_{ker(Reach)}, ν ↦ 0",0,0,+dim,Not in source,Topological Obstruction Point,12
≠,Spectral Shear,L ↦ L + κ·(v₁v₁ᵀ - v₂v₂ᵀ),split,shear,0,Not in source,Weyl-type Exceptional Point,12,
◬,Quadrature/Phase Lock,L ↦ L + γ·(L⊗L)₁,lock,phase,0,Not in source,Phase-Locked Exceptional Point,12,
⊢,Forward Derivation,"L ↦ e^{-tL}, T ↦ T + ∇·flux",diffuse,advect,0,Not in source,Dynamic Advection Point,12,
⊥,Boundary/Contradiction,"L ↦ L + ∂∂*, F ↦ F + δ",0,0,+boundary,Not in source,Hopf Boundary Invariant,12,
⊣,Backward Generation,"L ↦ Lᵀ, T ↦ T - ∇·flux",diffuseᵀ,advectᵀ,0,Not in source,Reciprocal Exceptional Point,12,
Φ,Flux Operator,L ↦ L + ∇×A (curl perturbation),0,+flux,0,Not in source,Hopf-link exceptional contour,Source_Number,
⊤̸,Attractor Fragmentation,"L ↦ L - Π₁(L), ν ↦ ν⊥",-rank,+dim,0,Not in source,Higher-order exceptional point,Source_Number,
⊬,Non-Derivability,L ↦ L\,"_{ker(Reach)}, ν ↦ 0",0,0,+dim,Not in source,Trivial spectral gap,Source_Number
≠,Spectral Shear,L ↦ L + κ·(v₁v₁ᵀ - v₂v₂ᵀ),split,shear,0,Not in source,Weyl exceptional ring,Source_Number,
◬,Quadrature/Phase Lock,L ↦ L + γ·(L⊗L)₁,lock,phase,0,Not in source,Non-Abelian HEP manifold,Source_Number,
⊢,Forward Derivation,"L ↦ e^{-tL}, T ↦ T + ∇·flux",diffuse,advect,0,Not in source,Dynamical HEP transition,Source_Number,
⊥,Boundary/Contradiction,"L ↦ L + ∂∂*, F ↦ F + δ",0,0,+boundary,Not in source,Edge-state protected HEP,Source_Number,
⊣,Backward Generation,"L ↦ Lᵀ, T ↦ T - ∇·flux",diffuseᵀ,advectᵀ,0,Not in source,Reciprocal HEP pair,Source_Number,
≠,Spectral Shear,L ↦ L + κ·(v₁v₁ᵀ - v₂v₂ᵀ),split,shear,0,Not in source,Shear-induced bifurcation,13,
◬,Quadrature/Phase Lock,L ↦ L + γ·(L⊗L)₁,lock,phase,0,Not in source,Phase-locked manifold,13,
⊢,Forward Derivation,"L ↦ e^{-tL}, T ↦ T + ∇·flux",diffuse,advect,0,Not in source,Advective-diffusive flow,13,
⊣,Backward Generation,"L ↦ Lᵀ, T ↦ T - ∇·flux",diffuseᵀ,advectᵀ,0,Not in source,Time-reversed flow,13,
⊤̸,Attractor Fragmentation,"L ↦ L - Π₁(L), ν ↦ ν⊥",-rank,+dim,0,Not in source,Fragmentation point (Z2),Source Description,
≠,Spectral Shear,L ↦ L + κ·(v₁v₁ᵀ - v₂v₂ᵀ),split,shear,0,Not in source,Shear-induced exceptional line,Source Description,
⊢,Forward Derivation,"L ↦ e^{-tL}, T ↦ T + ∇·flux",diffuse,advect,0,Not in source,Propagator/Flow HEP,Source Description,
⊥,Boundary/Contradiction,"L ↦ L + ∂∂*, F ↦ F + δ",0,0,+boundary,Not in source,Boundary-protected HEP,Source Description,
⊣,Backward Generation,"L ↦ Lᵀ, T ↦ T - ∇·flux",diffuseᵀ,advectᵀ,0,Not in source,Time-reversed flow HEP,Source Description,
⊤̸,Attractor Fragmentation,"L ↦ L - Π₁(L), ν ↦ ν⊥",-rank,+dim,0,Not in source,Higher-order exceptional point (EP3),14,
≠,Spectral Shear,L ↦ L + κ·(v₁v₁ᵀ - v₂v₂ᵀ),split,shear,0,Not in source,Crystalline-protected shear point,14,
◬,Quadrature/Phase Lock,L ↦ L + γ·(L⊗L)₁,lock,phase,0,Not in source,U(1) symmetric phase lock,14,
⊣,Backward Generation,"L ↦ Lᵀ, T ↦ T - ∇·flux",diffuseᵀ,advectᵀ,0,Not in source,Anti-causal propagator point,14,
⊢,Forward Derivation,"L ↦ e^{-tL}, T ↦ T + ∇·flux",diffuse,advect,0,Not in source,Causal heat-kernel point,14,
⊥,Boundary/Contradiction,"L ↦ L + ∂∂*, F ↦ F + δ",0,0,+boundary,Not in source,Hedgehog/Boundary defect,14,
Φ,Flux Operator,L ↦ L + ∇×A (curl perturbation),0,+flux,0,Not in source,HEP-protected 1-form flux (Z2),15,
⊤̸,Attractor Fragmentation,"L ↦ L - Π₁(L), ν ↦ ν⊥",-rank,+dim,0,Not in source,Topological rank-reduction singularity,15,
⊬,Non-Derivability,L ↦ L\,"_{ker(Reach)}, ν ↦ 0",0,0,+dim,Not in source,Cohomological obstruction (H2),15
≠,Spectral Shear,L ↦ L + κ·(v₁v₁ᵀ - v₂v₂ᵀ),split,shear,0,Not in source,Bifurcation-type HEP,15,
◬,Quadrature/Phase Lock,L ↦ L + γ·(L⊗L)₁,lock,phase,0,Not in source,Stable phase-locked orbit,15,
⊣,Backward Generation,"L ↦ Lᵀ, T ↦ T - ∇·flux",diffuseᵀ,advectᵀ,0,Not in source,Time-reversal symmetric point,15,
⊢,Forward Derivation,"L ↦ e^{-tL}, T ↦ T + ∇·flux",diffuse,advect,0,Not in source,Semigroup evolution,15,
⊥,Boundary/Contradiction,"L ↦ L + ∂∂*, F ↦ F + δ",0,0,+boundary,Not in source,Boundary-protected topological mode,15,
Φ,Flux Operator,L ↦ L + ∇×A (curl perturbation),0,+flux,0,Not in source,Z2-protected nodal line,User Instruction,
⊤̸,Attractor Fragmentation,"L ↦ L - Π₁(L), ν ↦ ν⊥",-rank,+dim,0,Not in source,Higher-order HEP (Z3),User Instruction,
⊬,Non-Derivability,L ↦ L\,"_{ker(Reach)}, ν ↦ 0",0,0,+dim,Not in source,Cohomological obstruction point,User Instruction
≠,Spectral Shear,L ↦ L + κ·(v₁v₁ᵀ - v₂v₂ᵀ),split,shear,0,Not in source,Non-Hermitian skin effect point,User Instruction,
◬,Quadrature/Phase Lock,L ↦ L + γ·(L⊗L)₁,lock,phase,0,Not in source,Phase-locked HEP,User Instruction,
⊢,Forward Derivation,"L ↦ e^{-tL}, T ↦ T + ∇·flux",diffuse,advect,0,Not in source,Parabolic exception point,User Instruction,
⊥,Boundary/Contradiction,"L ↦ L + ∂∂*, F ↦ F + δ",0,0,+boundary,Not in source,Topological defect HEP,User Instruction,
⊣,Backward Generation,"L ↦ Lᵀ, T ↦ T - ∇·flux",diffuseᵀ,advectᵀ,0,Not in source,Time-reversal HEP,User Instruction,
⊬,Non-Derivability,L ↦ L\,"_{ker(Reach)}, ν ↦ 0",0,0,+dim,Not in source,Trivial/Vacuum state,16
⊤̸,Attractor Fragmentation,"L ↦ L - Π₁(L), ν ↦ ν⊥",-rank,+dim,0,Not in source,Fragmented attractor exceptional manifold,17,
⊬,Non-Derivability,L ↦ L\,"_{ker(Reach)}, ν ↦ 0",0,0,+dim,Not in source,Higher-order obstruction HEP,17
≠,Spectral Shear,L ↦ L + κ·(v₁v₁ᵀ - v₂v₂ᵀ),split,shear,0,Not in source,Sheared non-Hermitian manifold,17,
◬,Quadrature/Phase Lock,L ↦ L + γ·(L⊗L)₁,lock,phase,0,Not in source,Phase-locked quadrature HEP,17,
⊣,Backward Generation,"L ↦ Lᵀ, T ↦ T - ∇·flux",diffuseᵀ,advectᵀ,0,Not in source,Time-reversed HEP manifold,17,
⊢,Forward Derivation,"L ↦ e^{-tL}, T ↦ T + ∇·flux",diffuse,advect,0,Not in source,Diffusion-protected exceptional point,17,
⊥,Boundary/Contradiction,"L ↦ L + ∂∂*, F ↦ F + δ",0,0,+boundary,Not in source,Z-invariant boundary obstruction,17,
≠,Spectral Shear,L ↦ L + κ·(v₁v₁ᵀ - v₂v₂ᵀ),split,shear,0,Not in source,Split Exceptional Line,18,
⊣,Backward Generation,"L ↦ Lᵀ, T ↦ T - ∇·flux",diffuseᵀ,advectᵀ,0,Not in source,Time-reversed flow generator,18,
⊢,Forward Derivation,"L ↦ e^{-tL}, T ↦ T + ∇·flux",diffuse,advect,0,Not in source,Diffusion-limited flow,18,
⊤̸,Attractor Fragmentation,"L ↦ L - Π₁(L), ν ↦ ν⊥",-rank,+dim,0,Not in source,HEP-2 (Exceptional Point Cluster),19,
≠,Spectral Shear,L ↦ L + κ·(v₁v₁ᵀ - v₂v₂ᵀ),split,shear,0,Not in source,Z2 (Shear-Induced Gap),19,
◬,Quadrature/Phase Lock,L ↦ L + γ·(L⊗L)₁,lock,phase,0,Not in source,Z (Stable Phase Locking),19,
⊢,Forward Derivation,"L ↦ e^{-tL}, T ↦ T + ∇·flux",diffuse,advect,0,Not in source,HEP-1 (Diffusion EP),19,
⊥,Boundary/Contradiction,"L ↦ L + ∂∂*, F ↦ F + δ",0,0,+boundary,Not in source,Z (Boundary Invariant),19,
⊣,Backward Generation,"L ↦ Lᵀ, T ↦ T - ∇·flux",diffuseᵀ,advectᵀ,0,Not in source,HEP-1 (Time-Reversed EP),19,
Φ,Flux Operator,L ↦ L + ∇×A (curl perturbation),0,+flux,0,Not in source,Z2-invariant flux HEP,20,
⊤̸,Attractor Fragmentation,"L ↦ L - Π₁(L), ν ↦ ν⊥",-rank,+dim,0,Not in source,Defective spectral HEP,20,
≠,Spectral Shear,L ↦ L + κ·(v₁v₁ᵀ - v₂v₂ᵀ),split,shear,0,Not in source,Symmetry-broken HEP,20,
◬,Quadrature/Phase Lock,L ↦ L + γ·(L⊗L)₁,lock,phase,0,Not in source,Phase-locked attractor,20,
⊢,Forward Derivation,"L ↦ e^{-tL}, T ↦ T + ∇·flux",diffuse,advect,0,Not in source,Parabolic evolution HEP,20,
⊥,Boundary/Contradiction,"L ↦ L + ∂∂*, F ↦ F + δ",0,0,+boundary,Not in source,Topological boundary HEP,20,
⊣,Backward Generation,"L ↦ Lᵀ, T ↦ T - ∇·flux",diffuseᵀ,advectᵀ,0,Not in source,Time-reversed HEP,20,
Φ,Flux Operator,L ↦ L + ∇×A (curl perturbation),0,+flux,+0,Not in source,Z2-type (Chiral HEP),Source Description,
⊤̸,Attractor Fragmentation,"L ↦ L - Π₁(L), ν ↦ ν⊥",-rank,+dim,0,Not in source,Higher-order HEP-2,Source Description,
≠,Spectral Shear,L ↦ L + κ·(v₁v₁ᵀ - v₂v₂ᵀ),split,shear,0,Not in source,Exceptional Point (EP2),Source Description,
⊢,Forward Derivation,"L ↦ e^{-tL}, T ↦ T + ∇·flux",diffuse,advect,0,Not in source,Diffusion manifold,Source Description,
⊥,Boundary/Contradiction,"L ↦ L + ∂∂*, F ↦ F + δ",0,0,+boundary,Not in source,Edge-state HEP,Source Description,
⊤̸,Attractor Fragmentation,"L ↦ L - Π₁(L), ν ↦ ν⊥",-rank,+dim,0,Not in source,HEP dimension shift,23,
≠,Spectral Shear,L ↦ L + κ·(v₁v₁ᵀ - v₂v₂ᵀ),split,shear,0,Not in source,Exceptional point shear,23,
◬,Quadrature/Phase Lock,L ↦ L + γ·(L⊗L)₁,lock,phase,0,Not in source,Locked phase HEP,23,
⊢,Forward Derivation,"L ↦ e^{-tL}, T ↦ T + ∇·flux",diffuse,advect,0,Not in source,Advection flux manifold,23,
⊥,Boundary/Contradiction,"L ↦ L + ∂∂*, F ↦ F + δ",0,0,+boundary,Not in source,Cohomological boundary point,23,
⊣,Backward Generation,"L ↦ Lᵀ, T ↦ T - ∇·flux",diffuseᵀ,advectᵀ,0,Not in source,Adjoint advection manifold,23,
⊤̸,Attractor Fragmentation,"L ↦ L - Π₁(L), ν ↦ ν⊥",-rank,+dim,0,Not in source,Higher-order exceptional point fragmentation,24,
≠,Spectral Shear,L ↦ L + κ·(v₁v₁ᵀ - v₂v₂ᵀ),split,shear,0,Not in source,Weyl-point shear deformation,24,
◬,Quadrature/Phase Lock,L ↦ L + γ·(L⊗L)₁,lock,phase,0,Not in source,Phase-locked Hopf insulator,24,
⊬,Non-Derivability,L ↦ L\,"_{ker(Reach)}, ν ↦ 0",0,0,+dim,Not in source,Coker-type obstruction point,User Table Description
φ,Golden Ratio Scaling,"L ↦ φ·L, spectral scaling",scale,scale,scale,ν ∘ φ = φ ∘ ν (commute),Not in source,Source_Description,
⊣̸,Irreversible Separation,"L ↦ L + A_skew, ν ↦ ν·(1-ε)",0,+asym,+gap,ν(⊣̸) = ⊥,Not in source,Source_Description,
◬,Quadrature/Phase Lock,L ↦ L + γ·(L⊗L)₁,lock,phase,0,Not in source,Hopf Trefoil Link (K × R>0),"Source_Description, 13",
⊢,Forward Derivation,"L ↦ e^{-tL}, T ↦ T + ∇·flux",diffuse,advect,0,Not in source,Chiral State Transfer,"Source_Description, 9, 49",
⊤,Attractor/Top,"L ↦ Π₁(L), T ↦ 1",project₁,kill,0,ν(⊤) = ⊤,Not in source,Source_Description,
Φ,Flux Operator,L ↦ L + ∇×A (curl perturbation),0,+flux,0,Not in source,Z2-protected chiral HEP,User Description,
⊤̸,Attractor Fragmentation,"L ↦ L - Π₁(L), ν ↦ ν⊥",-rank,+dim,0,Not in source,Exceptional string/surface,User Description,
≠,Spectral Shear,L ↦ L + κ·(v₁v₁ᵀ - v₂v₂ᵀ),split,shear,0,Not in source,Symmetry-protected HEP2,User Description,
◬,Quadrature/Phase Lock,L ↦ L + γ·(L⊗L)₁,lock,phase,0,Not in source,Phase-locked limit cycle,User Description,
⊢,Forward Derivation,"L ↦ e^{-tL}, T ↦ T + ∇·flux",diffuse,advect,0,Not in source,Diffusive spectral flow,User Description,
⊥,Boundary/Contradiction,"L ↦ L + ∂∂*, F ↦ F + δ",0,0,+boundary,Not in source,Topological boundary mode,User Description,
⊣,Backward Generation,"L ↦ Lᵀ, T ↦ T - ∇·flux",diffuseᵀ,advectᵀ,0,Not in source,Time-reversed spectral flow,User Description,
Φ,Flux Operator,L ↦ L + ∇×A (curl perturbation),0,+flux,0,Not in source,Not in source,Source_Description,
⊤̸,Attractor Fragmentation,"L ↦ L - Π₁(L), ν ↦ ν⊥",-rank,+dim,0,Not in source,Not in source,Source_Description,
⊬,Non-Derivability,L ↦ L\,"_{ker(Reach)}, ν ↦ 0",0,0,+dim,Not in source,Not in source,Source_Description
≠,Spectral Shear,L ↦ L + κ·(v₁v₁ᵀ - v₂v₂ᵀ),split,shear,0,Not in source,Not in source,Source_Description,
⊥,Boundary/Contradiction,"L ↦ L + ∂∂*, F ↦ F + δ",0,0,+boundary,Not in source,Not in source,Source_Description,
⊣,Backward Generation,"L ↦ Lᵀ, T ↦ T - ∇·flux",diffuseᵀ,advectᵀ,0,Not in source,Not in source,Source_Description,
♮,Classical Modality,Discards microscopic quantum aspects,Not in source,Not in source,Not in source,Not in source,Trivial Topology (Classical Projection),29,