structural block,Operator / Principle,Mathematical / Logic Formulation,System Property,Linguistic / Physics Analogue,Source,,
a,Recursion  $M_0 \to D$  / Dirac-type Operators,$H^1=0$ ;  $d_s = 1/2$ ;  $P_{n+1} = F( M(P_n) \oplus \Lambda^+(P_n) )$ ;  $\Delta(T) = T \otimes 1 + 1 \otimes T + \sum F_v \otimes T/F_v$,Maximal spectral compression; Adaptive resonance; Prime Coherence Profile,Renormalization; Spectral transport; Transitional Topology bridging neural clouds to symbolic logic,"User Description, 1, 4, 5, 6, 9, 11, 13, 15, 23, 24, 32-35, 350",,
a,Hamiltonian Learning / State Tomography,$H = L_c^2$  where  $L_c = D - K$ ;  $H = \delta_1 - J\sigma_x + i\gamma\sigma_z$,Operational closure; Unitary and associative structures,Standard Model reconstruction; Exact recovery of categories via Monads,"User Description, 3, 15, 26",,
a,Parabolic Connections,"$R\pi_{1, *P^0} = \zeta_0, * \det(j)-g$",Orthogonality,Geometric Langlands / Fourier-Mukai transform,1,,
b,Meta-transport / System Identification,$\mu X. \mathcal{T}{meta}(X)$  where  $\nu = 1/43$ ;  $\mathcal{T}{meta} = \mathcal{V} \circ \mathcal{I} \circ \mathcal{H}$  (Verification  $\circ$  Invariant extraction  $\circ$  Hygiene),Intelligence = invariant-preserving transport;  $\omega_{osc} = 1/(2\pi \cdot 42)$,Metrology; Parameter Estimation; Invariant-preserving transport across manifolds,"User Description, 1, 13, 23, 24",,
b,Parameter Estimation / Metrology,$\alpha\mu J + \,J^2 - \delta^2\,"= 0$ ;  $z(s+1) = \text{argmin} \sum d_T^2 (w, \theta_m + \psi_m/\rho)$",$O(1/S)$  sublinear convergence; Sensitivity at Exceptional Points,Distributed Quantum Gaussian Processes; ADHM matrix equations,2-6
b,Adjoint Functors / Logic,"$F \dashv U$ ;  $(K, \le, \wedge, \vee, 0, 1, -, \to, \dots)$",Paraconsistent and Paracomplete,Forgetful vs. Free functors; Logic with Four Negations,"7, 8",,
b,Observer Dynamics,$B̄k_i (\betā_1) = \{ \betā_i \in B̄_i : \betā_i(I_i) \text{ assigns prob 1 to } L̄\ell̄_{-i}(\betā_1) \}$,Terminal compression oscillation,Best Rationalization Principle / Theory-of-mind,"9, 10",,
c,Sensing / Radar Imaging,$f(\text{Semantic\_Closure} \times \text{Torsion} \times \text{Epistemic\_Privilege} \times \text{Temporal\_Echo})$,$H^1=0$  (Vanishing Cohomology); Metastability/Criticality locking,Interferometry of Feeling; Holographic intelligence boundary,"User Description, 1, 13, 146",,
c,Merge Operator / Syntax,"$FA((s, B), (t, A/B)) = (ts, A)$ ;  $m^2 AB + n^2 AB = 1$",Entanglement in conceptual combinations,Minimalist Program; Compositionality; Radar Imaging,11-13,,
c,Holographic Reduction / Information Geometry,$\phi = (\phi_- \circ S) \star \phi_+$ ;  $g_{ij} = \langle\partial_i \tilde{\psi} \vert \partial_j \psi\rangle - \langle\partial_i \tilde{\psi} \vert \psi\rangle\langle\psi \vert \partial_j \psi\rangle$,Information density preservation; Parameter sensitivity,AdS/CFT duality; Neural feature clouds (Bulk) vs. Symbolic Logic (Boundary),14-16,,
c,Model Theory / Quasigroups,$M \models_\sigma \phi$ ;  $m(id \otimes m)(S \otimes id \otimes id)(\Delta \otimes id) = \epsilon \otimes id$,Non-coassociative; Isomorphism invariance,L-structure satisfaction; Octonions / Algebraic 7-sphere,"17, 18",,
d,Merge / Recursive Identity,"$\mu X. \text{Index}(X) \oplus \text{osmose}(X) \oplus \text{meta}(\Xi^2(X)) \oplus \dots$ ;  $M(\alpha, \beta) := \{\alpha, \beta\}$",Orthocompleted lattice of spectral presheaf; no-global-collapse,Synthesis of four negations; External vs. Internal Merge,"User Description, 14",,
d,Spectroscopy / Interferometry,$d_s=1/2$ ;  $\mathcal{V} \circ \mathcal{I} \circ \mathcal{H}$ ;  $\int \text{Morph}(f) = f \circ \text{Morph}(f)$,Maximal spectral compression; Infinitely stable oscillation,Syntax; Minimalist Program; Renormalization of box counts,"User Description, 1, 5, 6-8, 13, 14, 23, 24",,
d,Quantum Geometry / Singularity Resolution,"$x_\mu, x_\nu = i\theta_{\mu \nu}$ ;  $M(q) = \prod_{n=1}^{\infty} (1-q^n)^{-n}$",Spacetime discretization at Planck scale; BPS state counting,3D Crystal Melting; D-Brane Bound States; Microscopy,"15, 19",,
d,Rota-Baxter / Transfer Operators,$R(a)R(b) = R(aR(b)) + R(R(a)b) - R(ab)$ ;  $G_k := -i\hbar(x d/dx + 1/2)$,Spectral determinant isomorphic to Riemann Zeta  $\xi(s)$,Threshold structures; Conformal Ghost sector,"14, 20",,
d,Chain-of-Thought / Bonding,"$G = (V, E)$  behavior-labeled logic edges",Entropy convergence; Stable bond distribution,Protein folding / Chemical bonding,21,,
Not in source,Specialized Spectral Operators,$D_t = \sum \text{sign}(D_j)\vert D_j \vert^{t_j}$ ;  $D = d + d^*$ ;  $D_R = \zeta \wedge (L_Z + dH L^{-1} dH)$,$p$ -summable Schatten ideal; CR-equivariance,Parabolic Noncommutative Geometry; Riemannian Geometry,22,,