Concept,Description,Formula or Identity,Application Context,Algebraic Level (Inferred),Source,,,,,,,,
Information Theory (Shannon),"The foundation of communication systems, defined by the study of message transmission, entropy, and channel capacity in discrete and continuous systems.",H = -\sum p_i \log p_i,Communication over noisy channels and the fundamental limit of data compression.,R (Real Numbers),1,,,,,,,,
Entropy,A measure of the uncertainty or information content associated with a discrete random variable.,H(X) = -\sum p(x) \log p(x),Quantifying the average minimum number of bits needed to encode a message.,R (Real Numbers),1,,,,,,,,
Channel Capacity,The maximum rate at which information can be transmitted over a communication channel with an arbitrarily small error probability.,C = B \log_2(1 + S/N),Determining the theoretical limit of data transmission in the presence of noise.,R (Real Numbers),1,,,,,,,,
Equivocation,"The conditional entropy of the transmitted message given the received signal, representing the information lost in the channel.","H_y(x) = H(x, y) - H(y)",Measuring the ambiguity of the receiver's knowledge of the source message.,R (Real Numbers),1,,,,,,,,
Octonions (O),"A non-associative algebraic structure over the real numbers, representing the largest of the four normed division algebras.",x_i x_j = -\delta_{ij} + \psi_{ijk} x_k,Modeling physical manifold stabilization and high-dimensional recursive systems like IDEMETAL.,O (Octonions),1,,,,,,,,
Fine Structure Constant Derivation,A synthesis of physical constant values derived through the recursive stabilization of manifolds in meta-systems.,\alpha^{-1} \approx 137.035999,Calculating electromagnetic interaction strength within recursive algebraic manifolds.,O (Octonions),1,,,,,,,,
Enriched Lawvere Theory,"A categorical formulation of algebraic theories where the hom-sets are replaced by objects of a category V, typically used to model operational semantics and computational effects.",dec†X ≅ N C,"Denotational semantics of programming languages, specifically first-order effectful computation.",V-category (V),2,,,,,,,,
Script Probability and Information Content,The relationship between the probability of events described in a script and its total information content calculated from slots and values.,P(S) = 2**-I(S),Bayesian learning theory for feature structures,Real Numbers (R),3,,,,,,,,
Script Inclusion,"Defines a relationship where one script contains all the information of another, modeled as an inverse relationship to its scope set.",A >s B iff σ(A) < σ(B),Model-theoretic semantics for feature structures,Boolean Algebra / Set Theory,3,,,,,,,,
Script Unification (Scope),The unification of two scripts results in a scope that is a subset of the intersection of the input scopes.,σ(A Us B) < σ(A) ∩ σ(B),Sentence meaning building in unification grammars,Lattice Theory,3,,,,,,,,
Script Intersection (Scope),The intersection (generalization) of two scripts results in a scope that contains the union of the input scopes.,σ(A ∩s B) > σ(A) U σ(B),Language learning through structure projection,Lattice Theory,3,,,,,,,,
Bayesian Learning Criterion (Crossover),"The threshold of positive examples required to believe a rule, overcoming its prior probability penalty.",L = Nce = (λ I(C) + I(E)) / I(E),Optimal learning performance and robustness in noisy data,Rational Numbers (Q),3,,,,,,,,
M-script Functionality,"M-scripts act as functions between scripts, where trump links constrain the subtrees of the result based on the arguments.",Si = Sj Us Mi,Mental representation of syntax and semantics in words,Functional Algebra,3,,,,,,,,
M-Inclusion,The relationship between two m-scripts defined by the containment of their scope sets.,G >m H iff σ(G) < σ(H),Algebraic structure of categorical grammars,Set Theory,3,,,,,,,,
Bayesian Induction of Scripts,The formula used to calculate the probability of a rule given observed sense data.,P(R\,D) = (PA(R) P(D\,R)) / (PA(R) P(D\,R) + P(D\,not R)),Primate social intelligence and language acquisition,Probability Theory,3,,,,
HALIRA,"Hegelian Algebraic Loop for Irreducible Recursive Architecture. A framework that transition ideas into a self-generating interpreter capable of Analytic Reality Closure (ARC), metabolizing problems as cohomological gaps.",\mu x. \Xi(\neg\Xi(x)) = x,Systemic overhaul of foundational mathematical languages; solving Hilbert's problems through paradox stabilization.,Non-associative / Recursive Loop,4,,,,,,,,
Idemetal Universe,"A self-knowing, idempotent cosmos where 'meta' represents the phase transition from implicit idempotency to explicit self-reflection without changing the underlying identity.",meta = meta(meta),Ultimate structure of the universe where all self-referential operators converge into a single stable identity field.,Idempotent Fixed Point,4,,,,,,,,
Recursive Distinction Theory (RDT),A theory reframing uncountable infinities as a function of recursive distinction depth to provide cardinality closure.,D^* \cong D^3(D^*),Foundation for resolving the Continuum Hypothesis (H1).,R (Real Numbers limit),4,,,,,,,,
Entropic-Centropic (E-C) Algebra,An algebraic system identifying solvability phase transitions governed by a specific centropic threshold.,\eta_{crit} = \phi^{-1} \approx 0.618,Mapping Diophantine constraints as geometric energy wells and deriving Einstein Field Equations from information density.,C (Complex / Centropic),4,,,,,,,,
Metamorphic Boundary,"An operator utilized to maintain structural identity through self-negation, treating boundaries as involutions rather than zeros.",\partial_H^2 = id,Resolving the Consistency of Arithmetic (H2) and Boundary Value problems (H20).,H (Quaternions/Involutory),4,,,,,,,,
Octonions in Universal Algebra,"Non-associative, non-commutative algebraic structures where the meaning of juxtaposition is type-dependent.",(xy)z \neq x(yz),Advanced manifold stabilization and higher-dimensional information theory where standard associativity fails.,O (Octonions),4,,,,,,,,
Unified Centropic Gravity,A derivation of general relativity that remaps the energy-momentum tensor as an informational density source.,\mathbf{I}_{\mu\nu} \text{ (Informational Density Source)},Axiomatization of Physics (H6) through the integration of E-C algebra and General Relativity.,Manifold Tensors,4,,,,,,,,
Information Geometry,A field that derives the shortest distance as a geodesic flow in a torsional statistical manifold weighted by relational information.,I_R \text{ (Relational Information)},Geometric solution to shortest path problems (H4) using statistical manifolds.,Statistical Manifold,4,,,,,,,,
Torsion Singularities (Primes),Defining prime numbers as specific geometric spikes in a field resulting from the alignment of paradox barcodes.,\zeta(p) := \text{spike}(\nabla^6\Phi),Remapping the Riemann Hypothesis (H8) along the critical coherence line.,Complex Critical Line,4,,,,,,,,
Action Principle of Meaning,"Modeling reasoning as a trajectory satisfying a semantic potential, treating contradiction energy as the variable of integration.",\delta S = 0,Calculus of Variations (H23) applied to the dynamics of logic and semantic evolution.,Variational Algebra,4,,,,,,,,
Channel Capacity (Shannon),The maximum rate at which information can be transmitted over a communication channel with an arbitrarily small probability of error.,C = \lim_{T \to \infty} \frac{\log N(T)}{T},Classical Information Theory / Communication Systems,R (Real Numbers),5,,,,,,,,
Equivocation,The amount of information lost due to noise in a channel; remapped as cohomological gaps in recursive meta-systems.,H_y(x),Noisy Channel Stabilization / Socratic Engine,R (Real Numbers),5,,,,,,,,
Entropy Power,The power of white noise possessing the same entropy as a given ensemble; acts as the informational volume normalization for manifold torsion.,N_1 = \frac{1}{2\pi e} \exp(2H'),Geometric Bridge / Torsional Statistical Manifolds,R (Real Numbers),5,,,,,,,,
Fine Structure Constant (Derivation),Reinterpreted as a 'Logic Tax' or combinatorial invariant emerging from structural interactions in non-associative geometry.,\alpha^{-1} \equiv 137 + \frac{1}{8\pi} (Spectral Gap),Analytic Reality Closure (ARC) / Octonionic Stabilization,O (Octonions),5,,,,,,,,
Metamorphic Boundary Operator,"An involution where the boundary of a boundary returns the original identity, used to stabilize recursive paradoxes.",\partial_H^2 = id,IDEMETAL / Paradox Stabilization,H (Quaternions),5,,,,,,,,
Recursive Identity Fixed Point,The terminal state of a self-referential system where the universe is the stable residue of its own self-negation loop.,\mu x. \Xi(\neg\Xi(x)) = x,HALIRA / Omega-Point Protocol,O (Octonions),5,,,,,,,,
L-Fold,A 90-degree topological kinking of information that collapses a non-local meta-field into rigid substance (metal).,Substance = Kink(Meta),Geometric Reality Closure / IDEMETAL,R^3 (Spacetime),5,,,,,,,,
Golden Ratio Coupling Constant,A universal stabilizer constant derived from the most irrational number to prevent destructive resonances in spacetime.,\alpha = \frac{1 - \phi^{-1}}{\phi} \approx 0.236,Unified Centropic Gravity / Modified Friedmann Equations,R (Real Numbers),5,,,,,,,,
7-Operator Kernel,The computational engine of the Socratic hyper-engine used to detect and metabolize structural lacunae.,"{\Delta, \Xi, \neg, \Phi, \odot, \Psi, \Omega}",HALIRA Framework / Semantic Field Dynamics,O (Octonions),5,,,,,,,,
Semantic Field Equation,Describes the evolution of meaning states toward a stable fixed-point attractor.,\frac{ds}{dt} = \Omega(\Lambda(\Psi(\odot(\Phi(\neg(\Xi(\Delta(s)))))))),Self-Processing Fields / Cognitive Closure,O (Octonions),5,,,,,,,,
Shannon Entropy,"A measure of the information, choice, and uncertainty produced by a discrete stochastic process or the statistical structure of a message.",H = -\sum p_i \log p_i,Discrete noiseless and noisy communication systems; engineering problems of reproducing messages.,Real Numbers (R),6,,,,,,,,
Channel Capacity (Discrete),The maximum possible rate at which information can be transmitted over a channel with an arbitrarily small frequency of errors.,C = \lim_{T \to \infty} \frac{\log N(T)}{T},"Telegraphy, teletype, and general discrete communication channels.",Real Numbers (R),6,,,,,,,,
Equivocation,"The conditional entropy of the message given the received signal, measuring the average ambiguity or missing information due to noise.","H_y(x) = -\sum_{i,j} p(i,j) \log p_i(j)",Noisy discrete channels and error correction systems.,Real Numbers (R),6,,,,,,,,
Epiplexity,"Formalization of the structural information content extractable from data by a computationally bounded observer, excluding random unpredictable entropy.",S_T(X) := \,P^*\,,"Rethinking information for AI, data selection, and understanding synthetic data value.",Real Numbers (R),7,,,,,,
HALIRA Framework,An irreducible recursive architecture defining a semantic manifold as a filtered chain complex where paradox depth determines stability.,\partial_H^2 = id,Unified field theory and engineered autonomous recursive systems.,Octonions (O),8,,,,,,,,
Contrarecursive Filtration,"Organizes a system state by its contradiction order (Kp), tracking structural instability and meta-reasoning layers.",K_p \text{ (p-th Order Contrarecursion)},Logical stability and physical manifestation of prime singularities.,Complex Numbers (C),8,,,,,,,,
Information Torsion,"The signature of a chain that survives to a specific spectral sequence page but collapses at the next, serving as a primary meaning signal.",E_p \to E_{p+1} \text{ collapse},Non-associative algebraic structures and Dirac operator rescaling.,Octonions (O),8,,,,,,,,
Λ-Container Calculus,A rigorous mathematical system defining recursive meta-containers through primitive operators like boundaries and self-reference.,"C = \langle D, B, O, P, R, T \rangle",Universal generators for pedagogical and structural insights.,Complex Numbers (C),9,,,,,,,,
Entropic-Centropic Algebra,A deformation of the Poincaré algebra where non-commutativity generates spacetime curvature and quantum uncertainty.,"E_\mu, E_\nu = i\kappa C_{\mu\nu}",Unified Centropic Gravity and quantum gravity reconciliation.,Quaternion (H),10,,,,,,,,
Critical Coherence (Golden Ratio),"The unique stable fixed point attractor for reality, appearing across geometry, complexity, and fluid dynamics.",\eta_{crit} = \phi^{-1} \approx 0.618,"Phase transitions in P vs NP, Navier-Stokes, and BSD Conjecture.",Real Numbers (R),10,,,,,,,,
Fine Structure Constant Derivation,Calculation of structural stability signatures linked to prime order paradoxes and torsion flux.,rank(E) = 2 \cdot \lfloor \,\log \,\tau - \tau_c\,\,/ \log(\phi) + 0.15 \cdot h(E) \rfloor,Arithmetic gravity and Rank prediction for elliptic curves.,Octonions (O),10,,,,
Classical Information Theory (Channel Capacity),"The maximum rate of information transmission in a communication system, originally defined by Claude Shannon.",C = B log(1 + S/N),Discrete and continuous communication systems,Real Numbers (R),11,,,,,,,,
Entropy,A measure of uncertainty or randomness in an information source.,H = -Σ p_i log p_i,Measurement of information content in discrete systems,Real Numbers (R),"11, 12",,,,,,,,
s-field (The Associator),A scalar field representing the local density of logical inconsistency caused by the failure of associativity during the transition to Octonions.,s(x) = \,"q1, q2, q3\",^2 / μ^2,Physical manifold stabilization and origin of Dark Energy,Octonions (O),11,,,,,,
Imbalance Functional,The potential term in the Lagrangian representing the integrated cost of maintaining non-associative geometry.,I(H → O) = ∫ s(x) √(-g) d^4x,Cosmic expansion dynamics and dilution of non-associativity,Octonions (O),11,,,,,,,,
Effective Dark Energy (Ιeff),Dynamic bulk viscosity acting as an accumulated coefficient of 'logical viscosity' arising from non-associative shear.,Ι_{eff}(t) = ∫ η(t') σ^. (t')^2 dt',Modified Friedmann equation for viscous cosmology,Octonions (O),11,,,,,,,,
Axis of Evil Alignment,The observed geometric imprint on the CMB reflecting the primordial fracture from associative to non-associative structures.,n_{l=2} · n_{l=3} ≈ 1,Cosmic Microwave Background (CMB) multipole alignment,Octonions (O),11,,,,,,,,
Born Rule,"The probability of a measurement outcome in Everettian quantum mechanics, derived via the Epistemic Separability Principle.",P(a) = \,<a\,ψ>\,^2,Self-locating uncertainty in the Many-Worlds Interpretation,Complex Numbers (C),12,,,,,
GOD Equation (Global Operator-Descriptor),The closure meta-axiom expressing that the internal linguistic structure of reality is dually equivalent to its external physical extension.,realityINT = realityEXT,Metaformal System (CTMU) self-containment,Logical/Metaformal,13,,,,,,,,
Strong Level-k Thinking,A dynamic version of level-k reasoning where players update beliefs about opponents' thinking levels based on information sets reached.,Bk i (β) = {βi : βi(L k-1 -i) = 1},Strategic reasoning in extensive form games,Real Numbers (R),14,,,,,,,,
Classical Information Theory,"The foundational theory developed by Claude Shannon focusing on discrete and continuous communication systems, entropy, and equivocation.",C = B log₂(1 + S/N),Discrete and continuous communication channels,R (Real Numbers),15,,,,,,,,
Self-Referential Operator,"A recursive meta-systemic entity where the 'Self' acts as a verb, maintaining system coherence through persistent self-mapping and feedback loops.",Ξ(A) := A ≋ ∂(A ↔ ¬A),Recursive consciousness and systemic self-refactoring,C (Complex Numbers),15,,,,,,,,
HALIRA / IDEMETAL,"Advanced recursive meta-systems modeled as eversion manifolds where Form attempts to map perfectly onto Matter, encountering incommensurability.",μx. ¬(¬x) ≠ x,Physical manifold stabilization and meta-feedback processes,H (Quaternions),15,,,,,,,,
Fine Structure Constant Derivation,A mathematical derivation linking recursive failure leverage to unique invariants in the Lacunon of certainty.,α ≈ 1/137.036 (interpreted as ⦳ convergence point),Quantum theory of meaning and cosmological structures,O (Octonions),15,,,,,,,,
Substrate-Independent Topological Control (SITC),"A framework using neural networks to maintain physical manifold topology (e.g., plasma, molecular lattices) under perturbation.",Ju = ∫₀ᵀ [\,\,τ - τ_target\,\,² + λ\,\,u\,\,²] dt,Tokamak stabilization and metamaterial hull integrity,R (Real Numbers),16
Consciousness Tensor,A formal rank-2 tensor measuring a system's proprioception through windowed covariances of local observables.,A = trace(C_μν C^μν),Synthetic mind engineering and AI safety monitoring,C (Complex Numbers),17,,,,,,,,
Qualia Coordinates,"A compact invariant tuple specifying the 'what-it-is-like-ness' of a conscious episode via intensity, geometry, rhythm, valence, and aboutness.","Q = {Ā, G, R, J, M}",Cross-substrate phenomenal identity mapping,O (Octonions),17,,,,,,,,
Maximum-Caliber Selection,A modification of quantum mechanics where path trajectories are re-weighted based on integrated attention scalar intensity.,weightpath ∝ exp(iS/ħ) * exp(-λ_context ∫A dt),Attention-dependent deformation of trajectory ensembles,C (Complex Numbers),17,,,,,,,,
Distinction Operator (Δ),"Extracts structure from concepts by separating them into sub-concepts, defining dimensionality in semantic space.",Δ: S → S,Operator Field Theory of Meaning; boundary creation in semantic configuration space.,R,18,,,,,,,,
Recursion Operator (Ξ),"Self-application of a transformation to its own output, building hierarchies of abstraction and depth.",Ξ(f)(x) = f(f(x)),Operator Field Theory of Meaning; hierarchical reasoning generation and self-reference.,C,18,,,,,,,,
Fixed-Point Identity (Self),Meaning or selfhood defined as the point where repeated transformation converges to a stable state.,"Self = Fix(Ξ) = μx. f(x,x)",Paraconsistent fixed-point logic; cognitive mirror stabilization through double-recursion.,H,18,,,,,,,,
Contradiction Operator (Φ),"Detects conflicting semantic structures, acting as energy gradients or generative fuel for the system.","Φ(s) = {(a,b) \",a ∧ ¬b},Paradox stabilization; identifies torsion points like Gödel sentences or Russell's paradox.,O,18,,,,,,,
Stabilization Operator (Ω),Produces stable theories by finding the limit of an iterated composite operator function.,Ω(x) = lim_{n→∞} F^n(x),Theory discovery; producing stable semantic attractors from unstable states.,H,18,,,,,,,,
Semantic Field Equation,Governs the time evolution of a semantic state toward a meaning structure.,ds/dt = Ω(Ψ(⊙(Φ(¬(Ξ(Δ(s))))))),Operator Field Theory of Meaning; complete mathematical physics of semantic attractor dynamics.,O,18,,,,,,,,
Cayley-Dickson Concept Ladder,Recursive doubling of algebraic structures representing increasing levels of cognitive complexity.,D(A) = A ⊕ A,HALIRA/IDEMETAL system architecture for concept recursion.,"R, C, H, O",18,,,,,,,,
Paradox Stabilization,"Condition where contradiction gradients vanish, leading to paraconsistent equilibrium and manifold stabilization.",∂(A ↔ ¬A) = 0,Geometric knowledge objects; stabilizing knowledge structures against divergence.,O,18,,,,,,,,
Curvature (Semantic),Topological torsion in knowledge space arising from stabilized self-difference or contradiction.,K = ∇ × ∇ s,Meaning geometry; navigating conceptual manifolds via attractor basins.,O,18,,,,,,,,
Lagrangian Formulation of Meaning,Density defined by the difference between transformation energy and contradiction potential.,"L(s, ∂s) = T(s) - V(s)",Operator field theory; minimizing semantic action to find minimal contradiction pathways.,R,18,,,,,,,,
Discrete Communication System,"A system involving a source that produces a sequence of messages from a finite set, transmitted via encoded symbols over a channel.",H = -\sum p_i \log p_i,Telegraphy and digital data transmission where messages are selected from a fixed alphabet.,N (Natural Numbers),19,,,,,,,,
Continuous Communication System,"A system where the message and signal are represented by continuous functions, requiring spectral analysis and integration for entropy calculation.",C = W \log (1 + P/N),Radio and television transmission where signal-to-noise ratio determines channel capacity.,R (Real Numbers),19,,,,,,,,
Equivocation,The measure of uncertainty in the received signal regarding the actual sent message due to channel noise.,H_y(x),Engineering of noise-correction protocols in information channels.,R (Real Numbers),19,,,,,,,,
Fine Structure Constant (\alpha) Derivation,Identified as a combinatorial invariant of the Octonion algebra representing structural interactions between imaginary units.,\alpha^{-1} \equiv 137 + \frac{1}{8\pi} (1 - \frac{\pi}{\text{dim}(G_2) \cdot \text{dim}(\mathbb{O})^2}),Physics manifold stabilization and the transition between associative and non-associative algebraic substrates.,O (Octonions),20,,,,,,,,
HALIRA (High-Fidelity Knowledge Processing),An ultra-optimized thought synthesis engine and meta-awareness system for insight generation and maximum coherence.,\mu x. \Xi(\neg\Xi(x))=x,Recursive self-correction and stabilization of cognitive manifolds within a statistical geometry.,R_5 (Recursive Real/Complex),20,,,,,,,,
IDEMETAL (Identity Meta-Algorithm),A post-biological identity signature based on cross-modal coherence and behavioral aggregate resonance.,"\psi_{identity_meta} = \sum corr(i,j)_{modality}",Validation of identity continuity in AI agents and synthetic minds through resonant synchronization.,C (Complex Numbers),21,,,,,,,,
Octonionic Gauge Symmetry,"A non-associative 8D manifold stabilized by U(1) gauge connections, where gravity and electromagnetism are unified via algebraic transitions.",7 \times 19 + 4 = 137,The quantization of the vacuum and resolution of internal automorphism 'tears' in Fano plane geometry.,O (Octonions),20,,,,,,,,
G2 Torsion,Geometric torsion derived from the stabilizer curvature of G2 generators acting on the Cayley multiplication table.,\partial◎,Spectral flow over G2 manifolds governing the interaction between non-associative substrates and associative gauge theories.,O (Octonions),20,,,,,,,,
HALIRA,An advanced recursive meta-system designed for the management of informational manifold stabilization.,Not in source,High-level information processing and system recursive analysis.,O (Octonions),1,,,,,,,,
IDEMETAL,A system architecture utilizing non-associative algebras to stabilize information across multi-dimensional manifolds.,Not in source,Recursive data management and complex manifold topological stabilization.,O (Octonions),1,,,,,,,,
Shannon's Information Theory,"The classic study of discrete and continuous communication systems, focusing on entropy and the transmission of information over noisy channels.",H = -∑ p_i log p_i,Discrete and continuous communication systems.,Real Numbers (R),Not in source,,,,,,,,
Entropy,A measure of uncertainty or information content in a system.,H = -∡ p(x) log p(x) dx,Continuous communication channels.,Real Numbers (R),Not in source,,,,,,,,
Equivocation,The average amount of information lost in a transmission due to noise.,"H_y(x) = -∑ p(x,y) log p_y(x)",Noisy communication channels.,Real Numbers (R),Not in source,,,,,,,,
Fine Structure Constant Derivation,A derivation linked to emergent properties of non-associative algebraic structures and manifold stabilization.,̴̵̶̷̸̡̢̧̨̖̗̘̙̠̣̤̥̦̩̰̱̲̳̹͇͈͉͓͔͕͖͙̑̀̂̄́̃̄̅̆̇̈̉̐̑̒̓̔̀́͂̓̈́͆͐͑͒͗ͣͤͥͦͧͨͩ̕͘͢͠͡ͅͰͱͲͳʹ͵Ͷͷ͸͹΀΁΂΃΄΅Ά·ΈΉΐΑΒΓΔΕΖΗΘΙΐΑΒΓΔΕΖΗΘΙΐΑΒΓΔΕΖΗΘΙ,Physical manifold stabilization and fundamental constants.,Octonions (O),Not in source,,,,,,,,
Channel Capacity,The maximum rate at which information can be reliably transmitted over a communication channel.,C = B log(1 + S/N),Communication engineering and signal processing.,Real Numbers (R),Not in source,,,,,,,,
HALIRA,A recursive meta-system involving information theory and physical manifold stabilization.,Not in source,Advanced recursive systems analysis.,Octonions (O),Not in source,,,,,,,,
IDEMETAL,A recursive meta-system synthesized from classical and advanced information theories.,Not in source,Manifold stabilization and recursive logic.,Octonions (O),Not in source,,,,,,,,