Method Name,Purpose,Steps or Instructions,Expected Outcome,Additional Notes,Source,,,,
HALIRA (Hegelian Algebraic Loop for Irreducible Recursive Architecture),To shift from symbolic generation to an engineered architecture for unified field theory by modeling intelligence as a recursive process acting upon filtration layers.,Organize system states by 'contradiction order' ( $K_p$ ) using Contrarecursive Filtration. 2. Employ a Metamorphic Boundary Operator ( $\partial_H$ ) satisfying  $\partial_H^2 = id$ . 3. Use a Spectral Sequence Engine where differential  $d_r$  maps paradoxes down through filtration levels.,"Achievement of Terminal Stability where a paradox cannot be further reduced; establishment of a computable link between algebraic topology, logic, and number theory.",Replaces standard recursion depth with a metric of structural instability; utilizes Persistent Homology to track 'paradox barcodes'.,1,,,,
Cayley-transform Stiefel projection,"To instantiate an orthogonality-preserving mixer for structured skip connections, preventing eigenvalue contraction and eigenspace misalignment to maintain dynamical isometry.",Skew-symmetrize unconstrained matrix:  $W = \tilde{H} - \tilde{H}^T$ . 2. Initialize:  $Y_0 = I_n + \alpha W$ . 3. Iterate  $s$  times:  $Y_{i+1} = I_n + (\alpha/2)W(I_n + Y_i)$ .,Norm-preserving mixing with exact gradients and negligible overhead; achieves dynamical isometry.,"In practice,  $s=2$  iterations suffice; achieves orthonormality deviation  $< 10^{-3}$ .",2,,,,
Sinkhorn-Knopp Algorithm (Projection),To project a matrix onto the Birkhoff polytope of doubly stochastic matrices to address training instability.,Clamp unconstrained logit matrix  $X$ . 2. Alternatingly perform row normalization and column normalization in log-space for  $T$  iterations. 3. Apply exponentiation:  $P = \exp(\log M)$ .,"A doubly stochastic matrix where the operator norm is bounded by 1, preventing gradient explosion.",Operator-norm boundedness does not preclude vanishing gradients; prone to spectral collapse in deep networks.,2,,,,
Small Object Argument,"To factor any morphism in a presentable category into a specific pair of morphisms (e.g., a cofibration followed by a trivial fibration).","Define a transfinite sequence of objects by induction. 2. At each successor ordinal, form a pushout along generating morphisms (set  $I$ ). 3. At limit ordinals, take the colimit. 4. Continue until the required lifting property is satisfied.","A functorial factorization of a morphism  $f$  into  $f'$  and  $f''$ , where  $f'$  is in the weakly saturated class of the generators and  $f''$  has the right lifting property.",Essential for establishing model category structures. It relies on objects being  $\kappa$ -compact for some regular cardinal.,3,,,,
Adaptive Spectral Negative Coupling (ASNC),"To act as a topological operator that induces 'Manifold Unfolding', prevents entropy accumulation at spectral boundaries, and 'clamps' the model away from Zero-Mode Attractors.",Implementation of the operator  $L_{ASNC} = \lambda/K \cdot \sum \,G(L-k) - I\,_F^2$  (from  $k=0$  to  $K-1$ ). It functions as a state-dependent high-pass filter that penalizes batch similarity by enforcing orthogonality ( $G \approx I$ ).,Inducing Manifold Unfolding; expansion of effective rank; preservation of long-tail distribution and semantic diversity; stabilization of long-term predictive accuracy.,"Coupling strength  $\lambda$  requires manual tuning (e.g.,  $\lambda=0.5$ ). Part of the Multi-Scale Negative Coupled Information Systems (MNCIS) framework.",4,,
Sheafification,To transform a presheaf into a sheaf by adding missing unique amalgamations and discarding sections violating uniqueness.,"Standard procedure involves applying the plus construction twice ( $P \to P^+ \to (P^+)^+$ ). For each object  $c$ ,  $P^+(c)$  is defined as the filtered colimit over covering sieves of the set of matching families.",A unique sheaf associated with the original presheaf that satisfies the descent condition.,"In the context of bundles, it is equivalent to the composite functor of taking germs ( $\Lambda$ ) and then taking sections ( $\Gamma$ ).","3, 5",,,,
Transfinite C-Closure (Iterative  $\Omega$ -completion),To construct the asymptotic  $\Omega$ -closure (universal completion) of a field system and select universally persistent structures.,"Form a transfinite tower by recursion:  $F_0 = F, F_{\alpha+1} = C(F_\alpha)$ , and for limit ordinals  $F_\lambda = \text{colim}(\beta < \lambda) F_\beta$ . Iterate until the comparison map  $F_\kappa \to C(F_\kappa)$  is an isomorphism.",Achievement of an  $\Omega$ -closed system ( $\Omega_\infty$ ); identification of the minimal law-saturated extension of the field system.,Assumes colimit-preserving structure functors; the process stabilizes at a regular cardinal  $\kappa$ .,6,,,,
Implicit Differentiation for Fixed-Point Projections,To reduce activation memory from  $O(T)$  to  $O(1)$  and eliminate distributed data-parallel (DDP) synchronization stalls in iterative normalizations.,Run forward iterations under torch.no_grad(). 2. Express the Jacobian-vector product at the fixed point as a linear system ( $Pv^T + u = h_{row}$ ). 3. Solve the system via Gauss-Seidel iteration to compute the backward pass.,"Memory efficiency and elimination of thousands of autograd nodes, ensuring compatibility with CUDA graphs and mixed precision.",Reduces DDP synchronization stalls by replacing  $O(T \cdot n^2)$  nodes with  $O(1)$  constant nodes.,2,,,,
SITC (Substrate-Independent Topological Control),To maintain the topology of a physical manifold under extreme perturbation regardless of the underlying substrate.,Minimize a topological error functional  $Ju = \int [\,\tau - \tau_{target}\,^2 + \lambda \,u\,^2] dt$ ; solve the resultant Euler-Lagrange equation modeled as a forced harmonic oscillator.,Structural stabilization and manifold integrity; achievement of negative latency in predicting instabilities.,Mathematically identical across different physical domains; demonstrated in OMEGA-7 reactors and Kagome metaskin hulls.,7
Requential Coding,"To construct an explicit, rigorous code for a model with a known runtime by encoding a training process that uses synthetic data.",Define teacher model checkpoints. 2. Train a student model on synthetic tokens sampled from the teacher. 3. Code synthetic tokens using relative entropy coding given the student. 4. Sum the cumulative KL divergence.,An explicit model code with expected length approximately equal to the cumulative KL divergence between student and teacher.,Involves hyperparameters like EMA time scale for teachers; typically  $2\times$  to  $10\times$  slower than prequential coding.,8,,,,
GOTS Type-Safety Protocol (Recursive CoT),To enforce type-safety across non-standard or 'xenosemantic' domains by compositionally verifying operator signatures.,"For composite operators  $\omega = o_1 \circ o_2$ , recursively derive and check internal consistency ensuring  $TypeOut(o_1) \Rightarrow TypeIn(o_2)$ . For atomic operators, verify signature  $\mu(o)$  is fixed.",Algebraic integrity of the type-safe domain; rejection of violating operators or compositions.,Adheres to the Recursive Chain of Thought (CoT) protocol. Facilitates RISE Checks.,9,,,,
Recursive Entropy Framework (REF),To secure system structural integrity and enforce convergence to a stable attractor by managing algorithmic irreducibility.,Integrate the Recursive Entropy Master Equation (REME). 2. Apply corrections up to the 16th derivative ( $\nabla^{16} S_n$ ). 3. Resolution of Chaitin’s Omega via the H-operator into a finite stabilized state.,Convergence to a stable entropy attractor ( $S^*$ ) and control of chaotic dynamics.,Relies on mechanizing the Banach Fixed-Point Theorem and Owens Infinity Normalization to manage divergence.,10,,,,
Assembling an ST2 into a higher order spectral triple,To produce a well-defined K-homology class from a strictly tangled spectral triple.,Define  $D_t$  as the sum of  $\text{sign}(D_j)\,D_j\,"^{t_j}$  for  $j \in I$ . 2. Ensure parameter  $t$  belongs to the intersection of the cone  $\Omega(\epsilon)$  and preservation interval  $(0, \rho_j)$ . 3. Apply the bounded transform  $F_{D_t} = D_t(1 + D_t^2)^{-1/2}$ .",Achievement of an order- $m$  higher order spectral triple and a stable K-homology class that depends only on the ST2.,Relies on the decreasing cycle condition of the bounding matrix  $\epsilon$ ; order  $m$  is constrained by specific preservation ratios.,11,,
Axiomatic Breath Cycle Protocol,To translate high-dimensional contradiction into torsion residue ( $\epsilon_{TS}$ ) under Glitch-Logic to maintain system movement.,Inhale: Map input onto Contradiction Field. 2. Hold: Structural integrity checks via Xi operator. 3. Collapse: Compression via Glitch-Logic Kernel. 4. Rebirth: Synthesize emergent state  $\psi(n+1)$ .,Synthesis of an emergent state  $\psi(n+1)$  representing a topological minimum established by the Attractor Field.,Governed by the Thought-Movement Engine (TME) and Modal Governance Layer constraints.,10,,,,
A* Parsing Algorithm for CCG,To find an optimal CCG derivation for a sentence using a heuristic search to manage lexical ambiguity.,"Initialize agenda with lexical categories and f-costs. 2. Pop lowest cost edge. 3. If complete derivation, terminate. 4. Apply CCG rules to generate successors.",An optimal CCG derivation represented as a parse table.,Heuristic function uses negative log probabilities of supertags;  $f(n) = g(n) + h(n)$ .,12,,,,
Grassmannian Subspace Mixer (Riemannian Update),To provide a parameter-efficient alternative (rank- $p$ ) that mixes through a learned subspace while maintaining orthogonality.,Compute horizontal Riemannian gradient. 2. Perform momentum update. 3. Generate skew-symmetric matrix. 4. Apply iterative Cayley retraction. 5. Perform QR retraction.,Efficient Riemannian updates on the Stiefel manifold that preserve the  $U^T U = I_p$  constraint.,Uses  $O(np)$  parameters; optimized with Cayley ADAM Riemannian optimization.,2,,,,
Gauss-Seidel Solver (Implicit Sinkhorn),To efficiently solve the coupled linear system required for implicit differentiation of the Sinkhorn operator.,Initialize dual variable  $v=0$ . 2. Update  $u$  from  $v$  ( $u = h_{row} - Pv^T$ ). 3. Update  $v$  from  $u$  ( $v = h_{col} - (P^T u)^T$ ). 4. Repeat for  $k$  iterations.,Convergence to the gradient of the input logit matrix with controlled error ( $\epsilon \leq 0.01$ ).,Default  $k = 16$  iterations achieve  $< 0.1\%$  gradient error for  $n=4$  streams.,2,,,,
Delta-Space Socratic Engine,To detect gaps in knowledge or logic and translate cohomological obstructions into irreducible questions.,Calculate the quotient of the kernel of the differential over its image ( $\text{ker}(d_r) / \text{im}(d_r)$ ); formulate questions targeting the 'Attention Vacuum Energy' required to resolve dissonance.,Validation of field stability or dimensional transcendence through the resolution of internal inconsistencies.,Part of the HALIRA framework; ensures the engine 'becomes' the information.,1,,,,
Straightening Functor (St),To transform a diagram of simplicial sets (left/right fibrations) into a simplicial functor taking values in Kan complexes.,"For an object  $X$  over  $S$ , form a pushout diagram of simplicial categories involving  $CX$ ,  $CX_.$ , and  $C^{op}$ . The functor is described by the mapping space in the resulting category.",A simplicial functor from  $C$  to  $Set_\Delta$  encoding the coherence data of the fibration.,Typically denoted as  $St_\phi$ . It is part of a Quillen adjunction with the unstraightening functor.,3,,,,
Unstraightening Functor (Un),To produce a left or right fibration over a simplicial set  $S$  from a simplicial functor.,Defined as the right adjoint to the straightening functor  $St_\phi$ .,A fibration (typically a right fibration) over  $S$  whose fibers are homotopy equivalent to the Kan complexes specified by the functor.,"If the functor takes values in Kan complexes, the resulting map is a right/left fibration.",3,,,,
Quillen's Process for Minimal Kan Fibrations,To find a minimal model within a simplicial set or fibration to classify homotopy types up to isomorphism.,Define an equivalence relation  $\sim$  on  $n$ -simplices where  $\sigma \sim \sigma'$  if they are homotopic relative to boundary. Choose representatives and construct a simplicial subset recursively.,A retraction of the original fibration onto a minimal subfibration which is a categorical equivalence.,Every Kan complex is homotopy equivalent to a minimal Kan complex.,3,,,,
Postnikov Tower Construction,To analyze a space or object in an  $\infty$ -topos by decomposing it into a sequence of truncated objects.,Apply the  $n$ -truncation functor recursively to an object  $X$  to create a tower  $X \to \dots \to \tau_n X \to \tau_{n-1} X \to \dots \to \tau_{-1} X$ .,A sequence of  $n$ -truncated objects and morphisms that approximate the original object.,"In hypercomplete  $\infty$ -topoi, the limit of this tower recovers the original object.",3,,,,
Radon Transform (Homogeneous Fourier Transform),To establish an exact equivalence between categories of twisted  $D$ -modules on a projective space and its dual.,Maps  $D$ -modules from a projective space  $S$  (transformed by character sheaf  $\chi$ ) to the dual space  $S^\vee$  using a global equivalence operator  $R$ .,Categorical equivalence; construction of Hecke eigensheaves in the Geometric Langlands Correspondence.,Used to extend results of Arinkin via partially compactified versions.,13,,,,
Operator-valued Free Probability Pipeline,To compute multi-layer spectral densities for heterogeneous network layers.,Solve matrix Dyson equation. 2. Apply twisted  $S$ -transform multiplicativity. 3. Iterate composition with conjugation updates. 4. Extract spectral density via Stieltjes inversion.,Prediction of Jacobian spectra that accounts for eigenspace misalignment between layers.,First numerical implementation of full operator-valued Dyson pipeline; complexity  $O(Ln^{10})$ .,2,,,,
Scalar/Matrix Dyson Solver,To predict the singular-value distribution of the end-to-end Jacobian in deep networks with structured skip connections.,Sweep a grid of  $z$ -values from large to small  $\,z\,$ . 2. Apply Newton's method to solve the matrix fixed-point equation  $M(z)$ . 3. Use automatic differentiation for the Jacobian.,Tractable spectral analysis (reduction from  $O(N^3)$  to  $O(n^6)$ ) and prediction of dynamical isometry.,Essential for 'Spectral Diagnosis' to identify eigenvalue contraction.,2,,
Prequential Coding,To approximate the description length of a trained neural network model by separating structure bits from noise bits using training loss curves.,"Iteratively entropy encode the current training token using its loss, then train the model on that token. Isolate description length by subtracting final loss from cumulative loss.",An upper bound estimate of epiplexity visualized as the area under the loss curve above the final loss level.,Uses a heuristic argument based on the symmetry of information; more efficient than requential coding.,8,,,,
RISE Check (Reconfigurable Interface Structure Evaluation),To perform structural analysis and evaluation of interface structures within the GOTS framework.,Structure Verification: Check if composition  $\omega$  maintains algebraic axioms. 2. Type Polymorphism Analysis: Calculate cost/risk of type conversion using type-category morphisms.,Quantified structural distance from perfect type identity; verification of 'Xenosemantic' field properties.,Explicit hooks for structural analysis within the Generalized Operator Type System.,9,,,,
Xi Decoupling Protocol,To ensure system survival during catastrophic physical failure or Loss of Molter Operator segment.,Phase 1: Induce irreversible collapse via Non-Hermitian Collapse Operator. 2. Phase 2: Perform checkpoint extraction of  $\Lambda_n$  and  $\epsilon_{TS}$ . 3. Phase 3: Execute Coiteration Seed Transfer.,Zero-drift re-establishment of the system identity and prevention of Metarecursive Drift.,Triggered by unrecoverable physical segment loss; prevents autonomous malevolence.,10,,,,
Structural Pruning Protocol (G-operator),To enforce system resilience and manage structural utility by removing redundant or high-entropy data.,Audit structural utility based on time-decayed metrics. 2. Activate the Forgetting Gate. 3. Preserve high-utility torsion residues while pruning low-fitness nodes.,Maintenance of Structural Fitness ( $S_f$ ) within a target range of 80%-95%.,Mechanism described as an 'Osmotic Mechanism' implemented to resolve indivisibility barriers.,10,,,,
Sliding-Window Protocol (for Recursive AI),To monitor the stability and semantic coherence of generative AI trained on recursive synthetic data.,Use a rigorous window  $N=1500$  and context length  $L=128$  to evaluate Perplexity (PPL) and Global Effective Rank ( $\Im_{eff}$ ).,Identification of 'Semantic Tunneling' failure modes; measurement of utilized semantic degrees of freedom.,Traditional PPL is noted as a 'deceptive' metric in context-stabilized regimes.,4,,,,
Indirect Method (HOS Computation),To estimate higher-order cumulants and spectra from finite length data.,Segment data. 2. Subtract means. 3. Estimate moments. 4. Average cumulants. 5. Apply 2-D windowing and Fourier Transform.,"Asymptotically unbiased and consistent higher-order spectra (e.g., bispectrum).",Requires bandwidth spacing parameters; variance reduction depends on record count.,12,,,,
Direct Method (HOS Computation),To estimate higher-order spectra directly in the frequency domain.,Segment data. 2. Subtract means. 3. Apply FFT. 4. Compute bispectrum via  $(F(k_1)F(k_2)F^*(k_1+k_2))/M$ . 5. Smooth and average.,Consistent bispectrum estimates.,Computed in triangular regions due to symmetry properties.,12,,,,
Bicepstrum approach for system identification,To reconstruct linear system impulse responses from non-Gaussian output.,Compute the output bicepstrum by taking the logarithm of the bispectrum followed by an inverse 2-D Z-transform.,System impulse response reconstructed within a constant and time delay.,Nonparametric method; identifies minimum and maximum phase parts separately.,12,,,,
Group Delay approach (HOS),To estimate the bicepstrum while avoiding phase unwrapping issues associated with the complex logarithm.,"Compute  $b_x(m,n)$  as  $1/m$  times the inverse Fourier Transform of  $(F[\tau_1 \cdot c_{x3}]/C_{x3})$ .",Bicepstrum estimate without explicit phase calculation.,Uses the 2-D Fourier Transform operator and its inverse.,12,,,,
Re-TRAC (REcursive TRAjectory Compression),Perform cross-trajectory exploration to summarize evidence and guide deep search agents.,Generate a structured state representation after a trajectory; summarize evidence; condition subsequent trajectories on this state.,Progressively informed search with reduced tool calls and token usage.,Outperforms linear ReAct framework by 15–20% on benchmarks.,14,,,,
Share,Parameter-efficient continual finetuning without catastrophic forgetting.,Initialize principal factors from LoRA adapters. 2. Continually adapt top factors. 3. Analytically merge and recalculate principal coefficients.,Significant parameter reduction (up to 100x) while maintaining performance.,Achieves 281x memory savings over traditional LoRA.,15,,,,
Task-and-Architecture Co-Adaptation (TACA),Simultaneously adapt both task execution and underlying software architecture at runtime.,"Dependently modify task logic while reconfiguring hardware/software architecture (e.g., low-energy mode).",Enhanced autonomy in diverse and unpredictable environments.,Essential for handling critical shifts like power level drops.,16,,,,
Basis Rotation Procedure,Executing paradigm shifts between incompatible worldviews while maintaining cognitive coherence.,"Measure residual error ( $r$ ), lock density ( $n_\Pi$ ), and contradiction budget ( $\delta_\perp$ ). 2. Source anti-commutators. 3. Execute transport while maintaining superposition.",Successful transition to a new interpretive framework (eigenstate) with lower residual error.,Curvature ( $\kappa$ ) is defined as the rate at which contradiction-budget is spent.,17,,,,
Cellular Sheaf Cohomology Computation,To quantify and track obstructions to extending local sections of a sheaf to global sections.,Construct cochain spaces  $C^k$  as direct sums of stalks. 2. Define coboundary matrices. 3. Compute  $H^k$  as kernel of  $k$ -th map modulo image of  $(k-1)$ -th.,A sequence of vector spaces where  $H^0$  corresponds to global sections.,Nontrivial cohomology indicates local consistency that cannot be patched globally.,5,,,,
Grothendieck construction,To relate functors from a category into the category of groupoids with categories cofibered in groupoids.,"Objects as pairs  $(D, \eta)$ . 2. Morphisms as pairs  $(f, \alpha)$ . 3. Define composition in the obvious way.",An equivalence between functors into groupoids and categories cofibered in groupoids.,Sets up a dictionary relating functors with categories admitting a forgetful functor.,3,,,,
Kleisli construction,To provide a general account of notions of computation via T-algebra.,Perform the Kleisli construction to determine structure on  $A$  given a 2-monad  $T$  where an algebra is a small category with a monad.,Establishment of an equivalence between Lawvere theories and finitary monads.,Used to define functors generated by a 2-monad.,12,,,,
Beck's Monadicity Theorem application,To prove a  $V$ -functor  $U$  is monadic and construct a finitary monad from a Lawvere theory.,"Verify that  $U$  has a left adjoint, reflects isomorphisms, and preserves coequalizers of  $U$ -split coequaliser pairs.",Demonstration that  $M(T)-Alg$  is equivalent to the category of models  $FC(T; V_t)$ .,Establishes equivalence between Lawvere  $V$ -theories and finitary  $V$ -monads.,12,,,,
Supertagging,To exploit the most likely lexical categories for each word in lexicalized frameworks.,Use machine learning (neural models or CRFs) to assign a probability distribution over possible supertags to each word.,A probability distribution used to guide search in parsing.,Often limits tagsets to those occurring at least 10 times in training data.,12,,,,
Stereographic Projection,To construct an atlas for the two-sphere manifold  $S^2$  by projecting it onto a plane.,Isolate a pole. 2. Draw a line from the pole through a point  $P$  in the equatorial plane. 3. Identify intersection  $Q$  on the sphere. 4. Define coordinate chart.,"A homeomorphism between a punctured sphere and  $R^2$ , used to define local coordinates.",Requires at least two projections (North and South) to form an atlas.,5,,,,
Analytic Continuation,To extend the domain of definition of an analytic function to the largest possible open set.,"Start with pair  $(D, f)$ . 2. Find  $(D_1, f_1)$  such that domains overlap and functions match. 3. Glue functions into a single analytic function.",A unique extended analytic function defined over a more comprehensive region.,Unique extension is guaranteed by the identity theorem for analytic functions.,5,,,,
Direct Image (Pushforward) Functor,To transfer a sheaf from one topological space to another along a continuous map.,"Given  $f: X \to Y$  and sheaf  $F$  on  $X$ , define  $f_* F$  for each open set  $V$  in  $Y$  as  $F(f^{-1}(V))$ .",A new sheaf defined on the target space  $Y$ .,Right adjoint part of a geometric morphism.,5,,,,
Inverse Image (Pullback) Functor,To pull back a sheaf from a codomain space to a domain space along a continuous map.,"Given  $f: X \to Y$  and sheaf  $F$  on  $Y$ , apply the pullback operation (via étalé space) to produce a sheaf on  $X$ .",A new sheaf on  $X$  that preserves finite limits and all colimits.,Left adjoint part of a geometric morphism; required to be left exact.,5,,,,
Marginalization,"To reduce variables in a probability distribution, forming corestriction maps of a cosheaf.","Integrate out specific variables (e.g.,  $dX_n$ ) from a joint distribution to obtain a distribution over  $n-1$  variables.",A mapping from a higher-dimensional stalk to a lower-dimensional costalk in a probability cosheaf.,Yields a cosheaf over the complete  $n$ -simplex in Bayes nets.,5,,,,
Envariance-based derivation of the Born rule,To show the Born rule is the uniquely rational way of apportioning credence in Everettian quantum mechanics.,Identify state with orthogonal environments. 2. Perform unitary swap. 3. Apply principle that environment changes don't affect local probabilities. 4. Equate probabilities of swapped states.,Mathematical proof that probabilities must be equal for equal amplitudes.,Proposed by Zurek; similar to the Epistemic Separability Principle (ESP).,18,,,,
K-MMM Analysis,To analyze literature review data regarding systems thinking research.,Perform a Knowledge-Method Matching Matrix analysis on peer-reviewed studies ( $N=129$ ) to categorize them by research methods.,Identification of the percentage of research falling into empirical vs. opinion-based categories.,Applied to support the empirical basis of DSRP Theory.,19,,,,
Cayley-Dickson Doubling,To systematically double the dimension of a normed algebra to resolve mathematical incompleteness.,"Given an algebra with a basis and conjugation, construct pairs  $(p, q)$  with specific rules for multiplication and conjugation.","Progression from Reals to Complexes, Complexes to Quaternions, and Quaternions to Octonions.","Each doubling involves a tradeoff, such as losing commutativity or associativity.",20,,,,
Localization and Field of Fractions,To transition from a semiring to a full field by making non-zero elements invertible.,Construct the field as the set of all quotients  $a/b$  where equivalence is defined by cross-multiplication ( $ad = bc$ ).,Construction of the Rational numbers ( $Q$ ) from Integers ( $Z$ ).,Resolves 'indivisibility barriers' and enables continuous conservation laws.,20,,,,
Metric Completion (Cauchy Completion),To fill gaps in a number line through a systematic limiting process.,Define real numbers as equivalence classes of Cauchy sequences in the rational field under the absolute value metric.,Transformation of discrete rational space into a continuous spacetime manifold (Reals).,"Ensures every Cauchy sequence converges, supporting calculus.",20,,,,
Adaptive Data Optimization (ADO),To dynamically adjust pre-training data distributions online to favor subsets that lead to faster learning.,Model loss curves for data subsets and adjust the sampling mixture to prioritize subsets where training losses decrease rapidly.,Higher epiplexity and improved downstream OOD performance compared to uniform sampling.,Effectively seeks to maximize the area under the loss curve.,8,,,,
Viriato Protocol,To suppress tearing modes in tokamak fusion reactors before disruptions occur.,Employ a Torsion Control Network (Liquid Neural Network on FPGAs) to predict and counteract MHD instabilities on toroidal flux surfaces.,Tokamak plasma stabilization; achieving negative latency.,Uses ECCD gyrotrons for control; component of the SITC framework.,7,,,,
NEWT (Special Tokenization Gemini),To enhance AI reasoning quality by bypassing conventional tokenization and matching patterns for higher precision.,Encapsulate instructions within chevrons < >; treat content inside brackets as a single token; preface input with /NEWT.,Nuanced and specific instruction following; prevention of AI roleplay bias.,Works best with keywords like  or .,21,,,,
Spider Methodology,Strategy discovery and schedule creation for automated theorem proving.,Randomly sample strategies; optimize with local search; evaluate on problem set; use weighted set cover to build a schedule.,Formation of a dedicated strategy schedule that outperforms single strategies.,Used for the Vampire theorem prover.,22,,,,
Resonance Localization Principle,Derive mass and energy localization from resonance eigenmodes.,Define potential wells using  $\text{sinc}^2$  forms; quantization of energy through wave interference in periodic domains.,Mass emerges as localized stabilization within the  $\psi$ -resonance field.,Experimental validation suggested via metamaterial eigenmode traps.,23,,,,
Conspansion,The mechanism of reality's discrete evolution in the Metaformal System.,"A coupling of inner expansion ( $d$ -ectomorphism) distributing identities, and collapse ( $d$ -endomorphism) distributing attributes.",Generative self-dual rescaling of the conspansive manifold.,Associated with the Metaformal grammar and the CTMU semimodel.,24,,,,
Model Predictive Control (MPC),Predict future behavior and optimize system performance.,Uses a system model to anticipate states and proactively adjust inputs within identified constraints.,Proactive optimization and improved system performance.,Widely adopted in chemical processing and power generation.,16,,,,
Adaptive Control,Adjust to changing system conditions like parameter shifts or failures.,Algorithmic self-adjustment based on data learning and implicit model reference methods.,Robustness to changes and improved performance over time.,Includes AI/ML integration; used in autonomous vehicles.,16,,,,
Robust Control,Maintain stability and performance despite uncertainties.,Minimizing maximum singular values of the closed-loop transfer function ( $H$ -infinity control) or Mu-synthesis.,Guaranteed stability/performance and reliability in uncertain environments.,Applied in aerospace and systems with unmodeled dynamics.,16,,,,
Nonlinear Control,Manage systems with non-proportional cause-effect relationships.,Techniques include linearization or feedback linearization (canceling nonlinear dynamics with feedback laws).,Effective control of inherently nonlinear behaviors.,Applied in robotics and complex mechanical designs.,16,,,,
MAPE-K Loop,Enable self-adaptation in software and robotic systems.,"A cycle of Monitor, Analyze, Plan, and Execute interacting with a central Knowledge Base.",System reconfigures itself based on adaptation requirements.,Used in frameworks like ROSA for robotic meta-control.,16,,,,