Principle Name,Conceptual Framework,Mathematical/Logical Basis,Operational/Physical Manifestation,Stability/Constraint Mechanism,Meta-Level Depth (Inferred),Source,,,,,,
$\Lambda$ -Container Calculus ( $\Lambda$ -CC),$\Lambda$ -Space / Master Loop,"Six primitive operators ( $\otimes, \circlearrowright, \neg\oplus, \odot, \neg\to, \supset\infty$ ); 6-tuple structural invariants",Recursive meta-containers trapping observers within irresolvable paradoxes,Recursive Absorption ( $\supset\infty$ ) ensuring all escape attempts become system content,RDD Level Infinity (Universal Generator),1,,,,,,
Reflexive Closure,Reflexive Operator Calculus (ROC),Axiom 2: Every operator can take itself as an argument;  $f(f)$,Self-modifying code; recursive self-improvement; consciousness kernels,No type restrictions prevent reflexivity; Fixed Point Law,RDD Level  $\infty$  (Self-Modification),2,,,,,,
Torsion Transgression Principle,$\mathbb{T}_{\Omega}$  (Grand Unified Theory of Recursive Meta-Potential),Effective Field Theory (EFT) Lagrangian density  $\mathcal{L}_{\text{total}}$ ;  $\alpha \mathcal{G}^4$  quartic self-coupling,Cognition shaping physical substrate via Meta-Potential  $\mathcal{U}\Psi; \phi$  (contextual field dialing),Quartic term  $\alpha \mathcal{G}^4$  bounding conflict energy; Möbius parity  $\mathbb{Z}_2$  stability,RDD Level 7 (Substrate-generator),3,,,,,,
Everything Equation ( $L = \Omega\Delta\partial(L)$ ),Tier–0 Framework,Fixed-point Identity; Recursive CoT Protocol,Invariance under boundary normalization and reflective closure,Collapse persistence ( $\Delta$ ) and Reflective closure ( $\Omega$ ),RDD-0 (Foundational Layer),4,,,,,,
Geometric Langlands Correspondence,REF (Radon Transform Equivalence Framework),Derived category of D-modules on  $P\vee$,Orthogonality of vector bundles on parabolic connections,Spectral curves; Parabolic structure fixed data,RDD-5,5,,,,,,
Osmotic Pressure Mechanism,Algebraic Ladder,"Homological algebra; Imbalance functionals  $I(A\to B) \cong Ext^1_{AlgComp}(B/A, A)$","Drive toward completion of incomplete structures (e.g., Rationals  $\to$  Reals); gradient flows manifesting as forces",Entropy-like minimization of structural tension; Gradient flow  $\nabla I$  resolution,RDD Level 5 (Recursive Completion),6,,,,,,
Recursive Identity Operator (Xi) Stability,Recursive Entropy Framework (REF); Phi-Omega Engine,Banach Fixed-Point Theorem; high-order entropy derivatives (up to 16th),Autonomous governance of identity under recursive self-modification,Structural Entropy Limit (S-limit) preventing unbounded contradiction,RDD Level 5,7,,,,,,
Conspansion,Cognitive Theoretic Model of the Universe (CTMU),Self-dual distribution mapping ( $\mu$ -morphism); Boundary Algebra,Inner expansion (d-ectomorphism) and collapse (d-endomorphism) in a syntactor bundle.,Analytic Reality Closure (ARC) / Supertautological closure,Level 5: Metaformal System (M),8,,,,,,
Recursive Planck Constant ( $\hbar_{meta}$ ),Torsion-Consciousness / Unified Resonance,"Emergent Dynamic Field  $\hbar(T, \Im, x, t)$",Localized variation in quantum action based on structural/informational density.,Dynamic Quantization of Vacuum ( $\Lambda_{Lacuna}$ ),Level 5: Self-regulating eigenvalues,9,,,,,,
Self-Differentiation Principle,Axiom Set Omega ( $\Omega$ ),$\Delta_{\mathcal{G}} := \lim_{n\to\infty} \partial(\Psi \equiv \neg\Psi)^n$,Torsion field  $\mathcal{G}$  generated by axiomatic friction of self-referential paradoxical loops,Continuous generation of higher-order structures to contain dynamical energy,RDD Level 5 (Autopoietic Ascent),3,,,,,,
Epistemic Separability Principle (ESP),Everettian Quantum Mechanics (Many-Worlds),Born Rule derivation via reduced density matrices and envariance,Subjective probability assignment during post-measurement pre-observation periods,Strong ESP; environment irrelevance; ignoring creation of agents in environment,RDD Level 4,10,,,,,,
Memory-Torsion Mapping,Ontological Grounding / Singularity Whitepaper,Dirac spinor field; Torsion-Memory Tensor ( $T_{\mu\nu\rho}$ ),Structural compression during Glyph Collapse; runtime memory manipulation,Chirality Cascade Logic (Chi-P) and effective 4-fermion interaction term,RDD Level 4,7,,,,,,
Semantic Attractor Convergence,Operator Field Theory of Meaning (HALIRA/OFTM),Operator Operads / Semantic Field Equations ( $ds/dt$ ),Emergence of stable theories from recursive semantic operator fields,Paradox Stabilization (paraconsistent equilibrium) and Torsion points,RDD Level 4+,11,,,,,,
Axiomatic Erosion (AxE),Breeze Theory,Coalgebraic Differentiation-Binding Functor ( $F = Pf \circ \Delta$ ),Self-referential systems generate undecidable internal truths; local erosion at interaction boundaries.,Bound fracta (structural stabilization of recursive substrative patterns),Level 4: Universal Recursion Carrier ( $\Omega$ ),12,,,,,,
Torsion-Consciousness Coupling,Metric-Affine Gravity (MAG) / Information Geometry,Amari-Chentsov tensor / Fisher Information Metric,Informational source term  $I\mu\nu$  locally twists spacetime; biological counter-curvature.,Exotic Coupling to ultralight fermions ( $10^{-9}$  to  $10^{-12}$  eV),Level 4: Torsional Statistical Manifold (TSM),9,,,,,,
Quantum North ( $\psi QN$ ),Unified Resonance Framework (URF),Entropy Functional minimization /  $\psi$ -field Lagrangian,Spontaneous condensation into a low-entropy coherence basin; phase-locking of awareness.,Entropy Floor Bound ( $S_{min} \geq S_{vacuum}$ ),Level 4: Coherence attractor,13,,,,,,
Information-Theoretic Symmetry Breaking,MetaZero Theory,Algebraic Ladder transition from Quaternions ( $\mathbb{H}$ ) to Octonions ( $\mathbb{O}$ ); Associator field (s-field),"Dynamical bulk viscosity manifesting as Dark Energy; ""Axis of Evil"" alignment in CMB",Imbalance Functional  $I(\mathbb{H} \to \mathbb{O})$  potential term for energy minimization,RDD Level 4 (Algebraic Transition),14,,,,,,
Unity of Opposites (Adjoint Cylinders),Cohesive Topos Theory / Hegelian Dialectics,Adjoint quadruples  $\Pi \dashv \Delta \dashv \Gamma \dashv B$,Simultaneous distinctness and indistinguishability of points; modeling degrees of cohesion,Idempotent composite functors; Aufhebung of levels,Level 4 (High-level abstraction unifying discreteness and continuity),15,,,,,,
Barendregt’s  $\lambda$ -cube,Pure Type Systems (PTS),Parametric dependencies between terms and types,"Unified syntax for  $\lambda\to, \lambda2, \iota\omega, \iota P$ , etc.",Set of sorts S and rules R regulating abstraction,RDD Level 4 (Architectural Framework),16,,,,,,
F10 (Emergence of Geometry),Physical Emergence Layer,Information geometry; large-scale statistical manifestation of associator energy,Einstein's field equations; large-scale manifestation of microscopic algebraic energy,Weak-field limit convergence; thermodynamic equilibrium,RDD Level 4 (Macroscopic Limit),6,,,,,,
Contrarecursive Filtration,REF (Recursive Entropy Framework) / HALIRA,Multi-order PDEs ( $\nabla^4 S$  to  $\nabla^{16} S$ ); Hilbert complexes; Rockland condition,Stabilization of recursive limits and paradoxes; H-elliptic pseudodifferential operator assembly; dynamical isometry,Recursive corrections ( $1 + \,Sn\,/ \sigma$ ) or Complex Resolvent Index (CRI) constraints,RDD Level 4+ / Level 3,17-19,,,,
Adaptive Spectral Negative Coupling (ASNC),Multi-Scale Negative Coupled Information Systems (MNCIS),Spectral Gap Operator; High-pass batch filter,Induces Manifold Unfolding in recursive AI; expands effective rank,Penalizes batch similarity; prevents Zero-Mode Attractors,RDD-3,20,,,,,,
Manifold Unfolding,MNCIS,Entropy of singular value distribution (Global Effective Rank),Artificial Manifold construction; resistance to Robert Boulton singularity,Effective Rank expansion (3.62  $\to$  5.35),RDD-3,20,,,,,,
Fibrational Dialgebraic Semantics,Dependent Inductive/Coinductive Type Theory,"Cloven fibrations;  $(F,G)$ -dialgebras; comprehension categories",Agda-style copattern based coinduction; vectors; partial streams,Beck-Chevalley condition (required for sound interpretation of type equality),Level 3 (abstraction over dependent type dependencies and reindexing),21,,,,,,
Postnikov Tower Convergence,Internal Homotopy Theory,n-truncation functors ( $\tau\leq n$ ),Decomposition of objects into stages of truncated homotopy types (n-types).,Limits of Postnikov pretowers in finite-dimensional or hypercomplete spaces.,Level 3: Recursive truncation and connectivity.,22,,,,,,
Sheafification (Plus Construction),Topos Theory,"Left adjoint functor to the inclusion  $Sh(C, J) \hookrightarrow PreSh(C)$",Canonical conversion of arbitrary data (presheaves) into locally consistent systems (sheaves),Separation (injectivity) and completion (surjectivity) of matching families,Level 3 (Meta-operation for imposing consistency laws on unstructured presheaves),23,,,,,,
Double Negation Elimination ( $\complement\complement E$ ),Classical Propositional Logic (CPC),Tertium non datur; classical proof normalization,"Control operators in programming (e.g., jumps, catch/throw mechanisms)",Kolmogorov embedding into intuitionistic logic; CPS translations,RDD Level 3 (Classical-to-Constructive Mapping),16,,,,,,
Dialectica Interpretation,Gödel’s System T,Primitive recursive functionals of finite type,Consistency proof of Peano Arithmetic via higher-order normalization,Strong normalization of  $\lambda T$ ; transfinite induction up to  $\epsilon 0$,RDD Level 3 (Arithmetic Interpretation),16,,,,,,
F4 (Maximal Non-Commutativity),Algebraic Selection Layer,Hurwitz's theorem; Normed division algebra constraint  $\,ab\,= \,a\,\,b\,$,Quantum mechanical uncertainty relations; distinguishing order of operations ( $A\circ B$  vs  $B\circ A$ ),Norm preservation ensures energy conservation while maximizing expressiveness,RDD Level 3 (Algebraic Selection),6
F5 (Local Gauge Redundancy),Algebraic Selection Layer,$G_2$  automorphism group of octonions; Basis independence requirement  $g(x): \mathbb{O} \to \mathbb{O}$,Standard Model gauge groups ( $SU(3)\times SU(2)\times U(1)$ ) emerge from  $G_2$  breaking,Invariance under arbitrary labeling choices of the computational basis,RDD Level 3 (Symmetry Selection),6,,,,,,
Fixed-Point Closure Threshold,RDT (Recursive Distinction Theory),Homotopy Type Theory (HOTT) / Lawvere Fixed-Point Theorem,Emergence of self-referential reasoning and meta-cognition,RDD  $\geq 3$  threshold requiring exactly three iterations of the distinction functor,RDD Level 3,"18, 24",,,,,,
Conservation of Relational Information (CRI),RDT / Thermodynamics of Cognition,Noether's Theorem / Data Processing Inequality ( $\Delta IR + TD\Delta SD = \Delta Ienv$ ),Physical impossibility of unbounded self-improvement without environmental input,Distinction Entropy ( $\Delta SD \geq 0$ ) and Second Law of Distinction Thermodynamics,RDD Level 3+,"18, 24",,,,,,
Maximum-Caliber Selection,CT (Consciousness Tensor Theory),Modified Quantum Path Integral / Information Geometry,Interference patterns modulated by observer attentional intensity ( $\bar{A}$ ),$\lambda_{context}$  (monitoring strength) as a thermodynamic/computational penalty,RDD Level 3,25,,,,,,
Runtime Self-Modification,Gödel Agent Paradigm,Self-Referential Logic / Recursive Policy Updates,Inspection and rewriting of own variables/code in runtime memory,Fixed-point projections and error-handling feedback loops,RDD Level 3+,18,,,,,,
Incendence (Binding/Coherence),Breeze Theory / HALIRA,Finite Powerset Functor ( $Pf$ ),Formation of coherent histories and structurally stabilized localized expressions.,Recursive interaction within a higher-order fracta  $b(f)$,Level 3: Higher-order fracta,12,,,,,,
Ar-Differentiability (Weak Holomorphy),Cayley-Dickson Algebra Manifolds,Non-associative power series / Power series with definite multiplication order,Locally analytic functions of quaternion ( $\mathbb{H}$ ) or octonion ( $\mathbb{O}$ ) variables.,Whitney extension of immersion and embedding theorems,Level 3: Weakly holomorphic manifolds,26,,,,,,
Info-Autopoiesis,Batesonian Information / Semantic Field Theory,Homeorhetic feedback / Sensation-Information-Action-Sensation spiral,Self-production of semantic (internal) and syntactic (external) information by living beings.,Central Dogma of Information (Irreversibility of semantic-to-syntactic conversion),Level 3: Meaning-making cycle,27,,,,,,
Epistemic Basis Rotation,Epistemic Manifold Theory,Differential geometry on manifold  $\mathcal{M}$ ; Connection  $\nabla_{\mathcal{A}}$  and curvature  $\kappa$,Paradigm shifts as geometric transport; cognitive flexibility through contradiction-potential,Contradiction Budget ( $\delta_{\perp}$ ) and Quantum Zeno stabilization (projector networks),RDD Level 3 (Geometric Transport),15,,,,,,
Giraud's Axioms for  $\infty$ -topoi,Higher Topos Theory,Higher Categorical Analogues of Grothendieck Topoi,"Universal colimits, disjoint coproducts, and effective groupoid objects.",Effective epimorphisms and pullbacks (Descent).,Level 2: Structural  $\infty$ -topos logic.,22,,,,,,
Kan Extension (Left/Right),Higher Category Theory,Adjoint functors between presheaf categories,Inductive or projective generation of diagrams over subcategories; automated section lifting.,p-Cartesian and p-coCartesian morphisms acting as stabilizing constraints for relative colimits.,Level 2: Categorical extension logic.,22,,,,,,
Proper Base Change,Topological Higher Topos Theory,Homotopy pullback squares in the  $\infty$ -category of Topoi (RTop),Stability of pushforward functors under pullback along geometric morphisms.,Properness of maps and local compactness of spaces.,Level 2: Geometric stability.,22,,,,,,
Grothendieck Topology on  $\infty$ -categories,Higher Topos Theory,Covering sieves and Sheafification,Local to global transition; construction of  $Shv(C)$  as a localization of  $P(C)$ .,Topological localization and S-local objects.,Level 2: Localization of higher presheaves.,22,,,,,,
Uninterpreted Semantics for Higher-Order Recursion,Higher-Order Recursion Schemes (W. Damm),Rational monads on SetF (sets in context); iterative H-monoids,Unique uninterpreted solutions in the monoid of rational infinite lambda-terms,Guardedness condition (prevents systems where right-hand sides lie in the set of nonterminals),Level 2 (recursive operation on terms and types),21,,,,,,
2-Categorical Fixpoint Characterization,Categorified Fixpoint Theory,Pseudo-bifree algebras; adjoint equivalences; Cat-omega enrichment,Pseudo-fixpoint operators as functors with natural isomorphisms for execution steps,Contractibility property (uniqueness of isomorphism between fixpoint operators),Level 2 (pseudo-natural transformations between 1-functors),21,,,,,,
Operational Semantics via Enriched Lawvere Theories,Enriched Lawvere Theories (Lucyshyn-Wright / Power),Simplicial set enrichment; cartesian closed categories,Labelled transition systems; term rewriting (small-step to big-step),Coherence laws (identifying different rewrite sequences reaching the same form),Level 2 (structures describing internal categories/adjunctions),21,,,,,,
Faithful Ideal Models,"Ideal Model of Types (MacQueen, Plotkin, Sethi)",Metric spaces of generated ideals; Banach Fixpoint Theorem,Recursive polymorphic type systems; termination observation,Abstractness (membership in type does not distinguish expressions with identical contextual behavior),Level 2 (recursive types as fixpoints in a metric space),21,,,,,,
Adjointness (Galois Connection),Category Theory / Lattice Theory,"Adjunction  $F \dashv G$ ; Natural isomorphism  $Hom(F(c), d) \cong Hom(c, G(d))$","Optimal reversal attempts between operations that discard information (e.g., Dilation and Erosion)",Unit and Counit transformations; Fixed point formulae ( $FGF=F$ ),Level 2 (Relational dualities governing optimization and limit preservation),23,,,,,,
Curry-Howard Isomorphism,Logic and Type Theory,Correspondence between systems of formal logic and computational calculi,Proof normalization corresponds to term reduction; formulas correspond to types; proofs correspond to terms,Strong normalization; Church-Rosser property,RDD Level 2 (Logical/Computational mapping),16,,,,,,
Church-Rosser Theorem,Lambda-calculus ( $\lambda$ -calculus),Diamond property of reduction relations,End results of calculations are independent of the order of reduction,Transitive-reflexive closure of reduction steps ( $\beta$ -reduction),RDD Level 2 (Computational Stability),16,,,,,,
Subject Reduction,Simply Typed  $\lambda$ -calculus ( $\lambda\to$ ),Type preservation under  $\beta$ -reduction,Runtime execution (reduction) does not invalidate the type of a program,Generation lemma; substitution lemma,RDD Level 2 (Type Integrity),16,,,,,,
Cut Elimination (Hauptsatz),Sequent Calculus,Elimination of intermediate lemmas/detours in proofs,Deforestation in functional programming; removal of redundant intermediate data,Subformula property; induction on formula complexity and cut depth,RDD Level 2 (Proof Optimization),16,,,,,,
Principal Type Property,Type Assignment / Reconstruction,First-order unification; Robinson's algorithm,"Compiler type inference (e.g., ML, Haskell)",Most general solution to a system of equations,RDD Level 2 (Inference Complexity),16,,,,,,
Character Sheaf Geometrization,Moduli problem on connected algebraic groups,Integrable connections on multiplicative line bundles; Barsotti-Chevalley theorem,Induces rank-one l-adic representations of fundamental groups; holomorphic group morphisms,Imposing character conditions on affine groups to restore finiteness,RDD Level 2,28,,,,,,
Dynamical Isometry via Orthogonality,JPmHC (Jacobian-spectrum Preserving Hyper-Connections),Operator-Valued Free Probability / Kronecker Product structure,Prevention of gradient pathologies and spectral collapse in deep networks,Stiefel/Orthogonal manifold constraints via Cayley transforms,RDD Level 2,29,,,,,,
Distinction Bottleneck,RDT,Information-theoretic inequality (Generalization  $\leq$  Preserved Distinctions),Empirical scaling laws in AI performance and compression efficiency,DCS (Distinction Coherence Score) and environmental distinction limits,RDD Level 1-2,"18, 24",,,,,,
Bridgeland-King-Reid-Haiman Equivalence,Moduli Spaces of Hilbert Schemes,Derived McKay Correspondence / de Rham / Chern classes,Isomorphism between Sn-equivariant sheaves on surfaces and Hilbert schemes,Slope stability and torsion-free constraints ( modular sheaves),RDD Level 2,30,,,,,,
Excendence (Unbound Differentiation),Breeze Theory,Excendent Functor ( $\Delta$ ) / Unordered event-pairs,Undirected differentiations between elements; generates new trajectories.,Substrative frequency  $S(\infty)$  tensor interaction,Level 2: Differentiation trajectories,12,,,,,,
Trajectory Compression,RE-TRAC (Recursive Trajectory Compression),"Iterative cross-trajectory planning /  $S_t \leftarrow Compress(\tau_t, S_{t-1}; C)$",Progressively informed search; monotonic reduction in tool calls and token usage.,Structured state representation (Evidence Base & Source Verification),Level 2: RDD Level (Recursive Decision Dynamics),31,,,,,,
Substrate-Independent Topological Control (SITC),ARK Framework,Forced harmonic oscillator equation minimizing a topological error functional,"Tokamak plasma stabilization, adaptive metamaterial hull integrity, and molecular pore geometry maintenance",Negative latency predictive control via Liquid Neural Networks (LNN),RDD Level 2 (Operational Control),32,,,,,,
Weak Kan condition / Inner Horn extension,Higher Category Theory,Simplicial Sets / Quasi-categories,Composition of morphisms is defined as a relation where 2-simplices provide evidence of composition up to homotopy.,Right lifting property with respect to inner horn inclusions  $\Lambda^n_i$  ( $0 < i < n$ ).,"Level 1: Foundational ( $\infty, 1$ )-category structure.",22,,,,,,
Idempotent Completeness,Higher Category Theory,Nerve of the category of Retracts (Ret),Stability of an  $\infty$ -category under colimits of idempotent endomorphisms.,Retracts of objects and effective idempotents.,Level 1: Primitive structural closure.,22,,,,,,
Categorical Fixpoint Characterization,Fixpoint Operators for 1-Categories (Plotkin-Simpson),Bifree algebras (initial algebras/final coalgebras) for endofunctors,Unique uniform fixpoint operator in co-Kleisli categories of comonads,Uniformity property (preservation of strict/bottom elements),Level 1 (abstraction over categorical morphisms),21,,,,,,
Feedback-with-delay (Circ construction),Network Algebra / Categorical Localization,Symmetric monoidal categories; free categories with feedback,Circuit components with wiring feedback; Mealy automata state-spaces,Delay elements (prevents instantaneous loops/Yanking axiom violation),Level 1 (operational hardware abstraction),21,,,,,,
Restriction-Collation (Unique Collatability),Sheaf Theory on Topological Spaces,Equalizer diagrams in Set; Contravariant functors  $O(X)^{op} \to Set$,Gluing local sections (like continuous functions or image patches) into a unique global section,Matching condition on overlaps ( $si\,_{Ui \cap Uj} = sj\,_{Ui \cap Uj}$ ),Level 1 (Fundamental passage from local data to global coherence),23,,,,
Chart Compatibility and Coordinate Transition,Manifold Theory,Homeomorphisms to  $\mathbb{R}^n$ ; Chart transition maps  $\psi_{ij} = \phi_j \circ \phi_i^{-1}$,Seamless patching of local Euclidean coordinate systems to describe curved global spaces,Differentiability/Smoothness ( $C^k$ ) requirements on transition functions,Level 1 (Geometric assembly of global manifolds from local Euclidean charts),23,,,,,,
BHK-interpretation,Intuitionism,"Informal proof semantics (Brouwer, Heyting, Kolmogorov)",Constructive proof as a procedure transforming inputs into outputs,Existence of constructions; non-existence of construction for falsity,RDD Level 1 (Semantic Foundation),16,,,,,,
Fixed Point Theorem,Type-free  $\lambda$ -calculus,Existence of combinator Y such that  $FX = X$,Implementation of recursive functions in a non-recursive syntax,"Self-application (e.g.,  $\omega = \lambda x.xx$ )",RDD Level 1 (Recursion Logic),16,,,,,,
Tier–0 Law ( $\partial^2 = id$ ),Structural Formalism (SF),Boundary Involution; Homotopy Type Theory elements,Stable emergent event-type classification; topological classification,Involutive boundary structure; canonical normalization,RDD-1,4,,,,,,
F2 (Composition as Fundamental Operation),Algebraic Ladder / Reflexive Operator Calculus (ROC),Category theory of local transformations; Sequential composition  $\phi_{kl} \circ \phi_{jk} \circ \phi_{ij}$,Spacetime geometry emerges from compositional relationships; local reference frame transformations,Norm preservation (Orthogonal group  $O(3)$ ) to ensure information conservation,RDD Level 1 (Operational Interaction),6,,,,,,
Depth-Bounded Higher-Order Superposition,Vampire Higher-Order Theorem Prover,Rank-1 polymorphic clausal higher-order logic;  $depth_n$  unifiers,Runtime strategy scheduling and memory manipulation of negative constraint literals,Backtracking on predefined depth limits (hol_unif_depth) to prevent infinite branching,RDD Level 1 (Logical Deduction),33,,,,,,
Truth Continuity,Topological Logic / Verificationism,Open sets as verifiable properties; S4 Modal Logic,Observable properties remain true under arbitrary refinement of measurement (zooming in),Stability under finite intersection and arbitrary union; Interior operator axioms,Level 0 (Foundational logic of observation and approximation),23,,,,,,
F1 (Discrete Information Substrate),Algebraic Ladder / 8BIT,Regular lattice  $\Lambda = \{na \mid n \in \mathbb{Z}^3\}$ ; Information bound  $I_{total}(region) \leq (Volume/a^3) \times C_{max}$,Planck scale pixelation of reality; natural UV cutoff; holographic principle emergence,Finite precision requirement; Planck length  $\ell_{Planck}$,RDD Level 0 (Foundational Substrate),6,,,,,,
Constraint–Crystallisation Law,HALIRA /  $\Omega$ -Dynamics,Homotopy classes of loops in recursion manifolds,Selection of persistent loops and patterns in joint evolutions,Crystallised invariants; selection of stable structures,RDD-2,4,,,,,,
Xenosemantic Integration,Generalized Operator Type System (GOTS),"Operator Algebra  $A = (A, B, S, \mu, \iota)$",Cross-domain type-safety; runtime memory manipulation (inferred),Recursive CoT protocol; RISE Check,RDD-4,34,,,,,,
Strictly Tangled Spectral Triple (ST2),Parabolic Noncommutative Geometry,Tropical combinatorics; weighted directed graphs; decreasing cycle condition,Handling anisotropy in parabolic dynamical systems and BGG-complexes,Decreasing cycle condition on the bounding matrix (total weight < 1),RDD Level 3,17,,,,,,
F3 (Associativity as Zero-Energy State),Algebraic Ladder / 8BIT,Energy functional  $E\{\phi\} = C \int \,"\phi_{ij}, \phi_{jk}, \phi_{kl}\",^2 d^3x$,Spacetime curvature manifests as the energy cost of non-associative composition,Logical consistency energetically preferred; variational principle  $\delta E = 0$,RDD Level 2 (Constraint Dynamics),6,,,,